ValidBinomial,Family,WS_L,WS_U
Abaeis nicippe,Pieridae,3.114285714,4.757142857
Acraea acerata,Nymphalidae,3,3.2
Acraea andromacha,Nymphalidae,NA,7
Acraea encedon,Nymphalidae,3.5,4.9
Acraea neobule,Nymphalidae,4.625,5.6
Acraea terpsicore,Nymphalidae,5,6.5
Acraea terpsicore,Nymphalidae,5,6.5
Actinote anteas,Nymphalidae,2.5,6
Acytolepis puspa,Lycaenidae,2.5,3.166666667
Aeria eurimedia,Nymphalidae,3.175,4.681666667
Aglais milberti,Nymphalidae,4.24,5.6
Aglais urticae,Nymphalidae,4.75,5.75
Amauris niavius,Nymphalidae,7.5,9
Anteos clorinde,Pieridae,6.366666667,8.415555556
Anteos maerula,Pieridae,7.44,8.844285714
Anthene amarah,Lycaenidae,2.1,2.5
Aphrissa boisduvalii,Pieridae,3,3.4
Aphrissa statira,Pieridae,4.713333333,5.928214286
Aporia crataegi,Pieridae,5.45,7.35
Appias paulina,Pieridae,3.9,5
Appias albina,Pieridae,3.95,5.166666667
Appias indra,Pieridae,5.25,6.5
Appias lalage,Pieridae,4.5,5.5
Appias libythea,Pieridae,4.25,5.25
Appias lyncida,Pieridae,4.5,5.666666667
Appias melania,Pieridae,NA,5.45
Appias paulina,Pieridae,3.9,5
Araschnia levana,Nymphalidae,2.8,3.9
Argynnis callippe,Nymphalidae,5.15,6.725
Argynnis hyperbius,Nymphalidae,5.625,7.8
Arhopala centaurus,Lycaenidae,4.25,5.25
Ariadne ariadne,Nymphalidae,4.033333333,5
Ariadne merione,Nymphalidae,4.1,5.166666667
Ascia monuste,Pieridae,4.786,6.272272727
Asterocampa celtis,Nymphalidae,4.475,6.05
Asterocampa clyton,Nymphalidae,4.625,6.8
Atalopedes campestris,Hesperiidae,2.975,3.75
Athesis clearista,Nymphalidae,NA,NA
Azanus jesous,Lycaenidae,1.975,2.56
Azanus ubaldus,Lycaenidae,2.2,2.533333333
Badamia exclamationis,Hesperiidae,4.066666667,4.533333333
Battus crassus,Papilionidae,8.5,11.25
Battus philenor,Papilionidae,6.357,11.1035
Battus polydamas,Papilionidae,7.65775,9.676363636
Belenois aurota,Pieridae,3.773333333,4.454888889
Belenois calypso,Pieridae,NA,4.8
Belenois creona,Pieridae,3.428666667,4.0188
Belenois gidica,Pieridae,2.54,3.982666667
Belenois java,Pieridae,NA,6
Belenois zochalia,Pieridae,2.54,2.974
Biblis hyperia,Nymphalidae,5.25,6.628571429
Bindahara phocides,Lycaenidae,3.25,3.75
Boloria epithore,Nymphalidae,3.4,4.6
Boloria selene,Nymphalidae,4.5,5.48
Borbo borbonica,Hesperiidae,2.9,2.913
Borbo cinnara,Hesperiidae,2.433333333,2.833333333
Byblia anvatara,Nymphalidae,3,4.25
Byblia ilithyia,Nymphalidae,3.766666667,4.7
Cacyreus marshalli,Lycaenidae,1.5,2.55
Callithomia lenea,Nymphalidae,5.2,6.3625
Calpodes ethlius,Hesperiidae,4.225,5.366666667
Castalius rosimon,Lycaenidae,2.533333333,3.066666667
Catasticta nimbice,Pieridae,3.5,4.033333333
Catopsilia scylla,Pieridae,4.466666667,5.233333333
Catopsilia gorgophone,Pieridae,4.466666667,5.233333333
Catopsilia pomona,Pieridae,5.5,6.785714286
Catopsilia pyranthe,Pieridae,4.666666667,5.833333333
Catopsilia scylla,Pieridae,4.466666667,5.233333333
Celastrina argiolus,Lycaenidae,2.45,2.95
Cepora nadina,Pieridae,4.666666667,5.666666667
Cepora nerissa,Pieridae,4.166666667,5.333333333
Cepora perimale,Pieridae,NA,4
Ceratinia tutia,Nymphalidae,NA,5.7
Charaxes candiope,Nymphalidae,7,8.666666667
Charaxes psaphon,Nymphalidae,6.5,8
Charaxes varanes,Nymphalidae,6.5,8.466666667
Chioides catillus,Hesperiidae,3.825,4.8
Cirrochroa emalea,Nymphalidae,5.5,6.5
Coeliades forestan,Hesperiidae,3.453,4.406666667
Colias alexandra,Pieridae,3.41,4.76
Colias christina,Pieridae,3.3,4.76
Colias alfacariensis,Pieridae,4.2,4.5
Colias croceus,Pieridae,4.5,5.2
Colias electo,Pieridae,3.010666667,3.468
Colias erate,Pieridae,4.416666667,5.65
Colias eurytheme,Pieridae,4.171428571,6.057142857
Colias fieldii,Pieridae,4,4.9
Colias hyale,Pieridae,3.65,4.95
Colias lesbia,Pieridae,3.3,4.475
Colias palaeno,Pieridae,3.6,4.32
Colias philodice,Pieridae,4.25,6.35
Colotis amata,Pieridae,3.25,3.5
Colotis chrysonome,Pieridae,3.15,3.1
Colotis etrida,Pieridae,3,4
Colotis evagore,Pieridae,2.274666667,2.8664
Colotis evenina,Pieridae,2.7025,3.647
Colotis fausta,Pieridae,3.5,4.5
Colotis phisadia,Pieridae,2.85,2.6
Cupha erymanthis,Nymphalidae,4.7,5.75
Cyaniris semiargus,Lycaenidae,2.2750000000000004,3.2
Cyllopsis pertepida,Nymphalidae,3.2,4.2
Cymothoe caenis,Nymphalidae,NA,5.5
Cyrestis cocles,Nymphalidae,3.5,5
Danaus affinis,Nymphalidae,6,7
Danaus chrysippus,Nymphalidae,6.25,7.457142857
Danaus eresimus,Nymphalidae,6.275,8.287222222
Danaus erippus,Nymphalidae,8,9.984615385
Danaus plexippus,Nymphalidae,8.3125,10.55
Danaus genutia,Nymphalidae,5.8,7.04
Danaus gilippus,Nymphalidae,7.05,8.6375
Danaus plexippus,Nymphalidae,8.3125,10.55
Delias acalis,Pieridae,6.5,8
Delias aganippe,Pieridae,NA,6.199999999999999
Delias eucharis,Pieridae,6.25,7.25
Delias nigrina,Pieridae,NA,5.6
Delias ninus,Pieridae,6.5,8
Delias pasithoe,Pieridae,6,7.25
Deudorix antalus,Lycaenidae,2.6,3.833333333
Deudorix livia,Lycaenidae,3,4
Dione juno,Nymphalidae,5.925,7.934166667
Dione moneta,Nymphalidae,7.075,7.9
Dircenna dero,Nymphalidae,4,6.366666667
Dircenna jemina,Nymphalidae,NA,NA
Dixeia charina,Pieridae,NA,3.85
Dixeia pigea,Pieridae,3.143,4.516
Doleschallia bisaltide,Nymphalidae,6.375,7.4
Dryadula phaetusa,Nymphalidae,7.4,8.23
Dryas iulia,Nymphalidae,7.2975,8.417142857
Dynastor darius,Nymphalidae,9,11
Echinargus isola,Lycaenidae,1.75,2.525
Elodina angulipennis,Pieridae,NA,3.75
Elodina padusa,Pieridae,NA,3.9
Epargyreus clarus,Hesperiidae,4.29,5.467727273
Episcada hymenaea,Nymphalidae,3,4.133333333
Euchrysops malathana,Lycaenidae,2.45,3.033333333
Eueides aliphera,Nymphalidae,4.38125,5.16
Eueides isabella,Nymphalidae,7.02,7.9125
Eueides lybia,Nymphalidae,NA,6.4
Eueides vibilia,Nymphalidae,5.5,6.6
Eunica alcmena,Nymphalidae,NA,6.6
Eunica caelina,Nymphalidae,5.8,6.533333333
Eunica malvina,Nymphalidae,NA,6
Eunica pusilla,Nymphalidae,NA,4.8
Eunica monima,Nymphalidae,4.55,5.2
Eunica tatila,Nymphalidae,4.52,5.933333333
Euphydryas editha,Nymphalidae,2.733333333,4.366666667
Euphydryas maturna,Nymphalidae,3.5,4.35
Euploea alcathoe,Nymphalidae,NA,6.85
Euploea core,Nymphalidae,7.9,9.166666667
Euploea phaenareta,Nymphalidae,8.75,10.5
Euploea crameri,Nymphalidae,7,8.5
Euploea tobleri,Nymphalidae,NA,NA
Euploea leucostictos,Nymphalidae,NA,8
Euploea eunice,Nymphalidae,6.5,8.5
Euploea eyndhovii,Nymphalidae,6.5,7.5
Euploea klugii,Nymphalidae,6.75,8.5
Euploea midamus,Nymphalidae,7,8
Euploea mulciber,Nymphalidae,8,9
Euploea phaenareta,Nymphalidae,8.75,10.5
Euploea radamanthus,Nymphalidae,6.5,8
Euploea radamanthus,Nymphalidae,NA,NA
Euploea sylvester,Nymphalidae,6.5,8
Euploea tulliolus,Nymphalidae,6,6.5
Euptoieta claudia,Nymphalidae,4.371428571,6.857142857
Euptoieta hortensia,Nymphalidae,4.242857143,6.5625
Euptoieta claudia,Nymphalidae,4.371428571,6.857142857
Eurema albula,Pieridae,2.391666667,3.3185
Eurema alitha,Pieridae,1.9,2.2
Eurema brigitta,Pieridae,2.7625,3.3045
Eurema hecabe,Pieridae,2.95,3.457
Eurema daira,Pieridae,4.628571429,6.6
Eurema desjardinsii,Pieridae,1.5755,2.095333333
Eurema elathea,Pieridae,2.433333333,3.089375
Eurema hecabe,Pieridae,2.95,3.457
Eurema herla,Pieridae,NA,3.5
Eurema laeta,Pieridae,2.933333333,3.7
Eurema mexicana,Pieridae,3.42,4.82
Eurema senegalensis,Pieridae,2.95,3.3313
Eurema hecabe,Pieridae,2.95,3.457
Eurema smilax,Pieridae,NA,3.15
Eurytela dryope,Nymphalidae,4,5.5
Eurytides agesilaus,Papilionidae,5.35,7.05
Eurytides philolaus,Papilionidae,6.65,7
Euthalia lubentina,Nymphalidae,5.333333333,6.8
Gegenes nostrodamus,Hesperiidae,2.4,2.2
Gegenes pumilio,Hesperiidae,3,3.4000000000000004
Glutophrissa drusilla,Pieridae,4.316666667,6.1121875
Gonepteryx farinosa,Pieridae,5.6,6.4
Gonepteryx rhamni,Pieridae,4.75,5.75
Graphium agamemnon,Papilionidae,7,8.125
Graphium angolanus,Papilionidae,3.302,6.2045
Graphium antiphates,Papilionidae,6.75,8.25
Graphium doson,Papilionidae,6.125,7.45
Graphium eurypylus,Papilionidae,6.5,8.25
Graphium leonidas,Papilionidae,5.655,7.256
Graphium nomius,Papilionidae,7,9
Graphium policenes,Papilionidae,4.936666667,5.468
Greta andromica,Nymphalidae,NA,4.445
Hamadryas iphthime,Nymphalidae,7.2,7.75
Hamanumida daedalus,Nymphalidae,5,6.575
Hasora chromus,Hesperiidae,4.15,4.5
Hasora discolor,Hesperiidae,NA,4.25
Hasora taminatus,Hesperiidae,3.066666667,3.733333333
Hebomoia glaucippe,Pieridae,7.666666667,9
Heliconius antiochus,Nymphalidae,NA,8
Heliconius charithonia,Nymphalidae,7.08,9.5
Heliconius ethilla,Nymphalidae,6.5,8.02
Heliconius hecale,Nymphalidae,NA,8.624107143
Heliconius melpomene,Nymphalidae,NA,7.7365625
Heliconius sara,Nymphalidae,NA,6.838333333
Heliopetes arsalte,Hesperiidae,2.6,3.366666667
Heliopetes ericetorum,Hesperiidae,2.7,3.7
Heraclides anchisiades,Papilionidae,6.78,9.671428571
Heraclides cresphontes,Papilionidae,9.2,12.58571429
Heraclides paeon,Papilionidae,5.8,6.3
Heraclides thoas,Papilionidae,8.985625,12.05846154
Heraclides torquatus,Papilionidae,6.5,8.2125
Hermeuptychia hermes,Nymphalidae,NA,3.1
Hesperia attalus,Hesperiidae,3.266666667,3.833333333
Hesperia leonardus,Hesperiidae,3.44,4.08
Hesperia ottoe,Hesperiidae,3.225,4.325
Hesperia uncas,Hesperiidae,2.785714286,3.914285714
Heteronympha merope,Nymphalidae,NA,6
Hipparchia semele,Nymphalidae,4.7333333335,5.416666666999999
Historis odius,Nymphalidae,9.901875,11.37666667
Hyalyris coeno,Nymphalidae,NA,NA
Hylephila phyleus,Hesperiidae,2.8375,3.127272727
Hypoleria ocalea,Nymphalidae,NA,5.04
Hypolimnas bolina,Nymphalidae,6.375,9.333333333
Hypolimnas misippus,Nymphalidae,5.725,7.909090909
Hypolimnas salmacis,Nymphalidae,NA,9.025
Hypothyris euclea,Nymphalidae,4.2,5.3328125
Icaricia acmon,Lycaenidae,2.05,2.675
Ideopsis similis,Nymphalidae,6,7.15
Iphiclides podalirius,Papilionidae,6.2,8.5
Issoria lathonia,Nymphalidae,4.5,5.5
Ithomia agnosia,Nymphalidae,3.5,4.409
Ithomia iphianassa,Nymphalidae,NA,NA
Ixias marianne,Pieridae,4.5,5
Ixias pyrene,Pieridae,4.125,5.3
Jamides bochus,Lycaenidae,2.4,2.883333333
Jamides phaseli,Lycaenidae,NA,2.3
Junonia almana,Nymphalidae,4.75,5.6
Junonia atlites,Nymphalidae,5.333333333,6.333333333
Junonia coenia,Nymphalidae,3.86,6.18
Junonia evarete,Nymphalidae,4.385714286,5.591666667
Junonia genoveva,Nymphalidae,4.44,5.7875
Junonia genoveva,Nymphalidae,4.44,5.7875
Junonia hedonia,Nymphalidae,3,3.2
Junonia hierta,Nymphalidae,4.214285714,5.333333333
Junonia iphita,Nymphalidae,4.875,6.5
Junonia lemonias,Nymphalidae,4.25,5.5
Junonia oenone,Nymphalidae,15.66666667,16.375
Junonia orithya,Nymphalidae,3.633333333,4.9
Kallima inachus,Nymphalidae,5.75,9.2
Lachnoptera ayresii,Nymphalidae,5,6
Lampides boeticus,Lycaenidae,2.522222222,3.283333333
Lasiommata megera,Nymphalidae,3.8,4.7
Leptotes marina,Lycaenidae,2,2.625
Leptotes pirithous,Lycaenidae,2.25,2.9
Leptotes plinius,Lycaenidae,2.066666667,2.566666667
Lerodea eufala,Hesperiidae,2.342857143,2.9375
Libythea celtis,Nymphalidae,4,5
Libythea labdaca,Nymphalidae,4,4.866666667
Libythea laius,Nymphalidae,4.3,3
Libythea lepita,Nymphalidae,NA,NA
Libythea myrrha,Nymphalidae,4.166666667,5
Limenitis archippus,Nymphalidae,6.38,8.12
Lycaena helloides,Lycaenidae,2.48,3.4
Lycaena hippothoe,Lycaenidae,2.7,3.4
Lycaena phlaeas,Lycaenidae,2.3,3.35
Lycaena rubidus,Lycaenidae,2.925,3.525
Lycorea ilione,Nymphalidae,7,9.25
Manataria hercyna,Nymphalidae,6.5,8.05
Maniola jurtina,Nymphalidae,3.6500000000000004,4.5
Marpesia berania,Nymphalidae,4.7,5.95
Marpesia chiron,Nymphalidae,5.56,6.414285714
Marpesia furcula,Nymphalidae,4,5.366666667
Marpesia marcella,Nymphalidae,NA,NA
Marpesia merops,Nymphalidae,NA,6.4
Marpesia petreus,Nymphalidae,6.925,7.991666667
Mechanitis menapis,Nymphalidae,NA,NA
Melanitis leda,Nymphalidae,5.72,7.3375
Melinaea lilis,Nymphalidae,NA,NA
Melitaea caucasogenita,Nymphalidae,3.1500000000000004,4
Melitaea athalia,Nymphalidae,3.525,4.5
Melitaea phoebe,Nymphalidae,3.9,5
Melitaea cinxia,Nymphalidae,3.1500000000000004,4
Mimoides phaon,Papilionidae,4,4.2
Moduza procris,Nymphalidae,5.5,6.625
Morpho helenor,Nymphalidae,9.7625,12.87208333
Morpho achilles,Nymphalidae,10,13.16
Mycalesis mineus,Nymphalidae,4,4.6
Mycalesis patnia,Nymphalidae,4,5
Mycalesis perseus,Nymphalidae,3.5,4.625
Mylothris chloris,Pieridae,2.794,4.9025
Mylothris poppea,Pieridae,NA,3.1375
Mylothris rueppellii,Pieridae,4.8,3.64375
Myscelia cyananthe,Nymphalidae,5.5,7.5
Myscelia ethusa,Nymphalidae,6.4,7.6
Nacaduba beroe,Lycaenidae,2.5,3.1
Nacaduba calauria,Lycaenidae,2.35,2.9
Nacaduba kurava,Lycaenidae,2.733333333,3.266666667
Nathalis iole,Pieridae,2.2,3
Neopithecops zalmora,Lycaenidae,2,2.6
Nepheronia argia,Pieridae,4.349333333,5.444
Nepheronia thalassina,Pieridae,4.264666667,5.476
Neptis hylas,Nymphalidae,4.575,5.54
Neptis jumbah,Nymphalidae,5.333333333,6.5
Nymphalis antiopa,Nymphalidae,6.742857143,8.7
Nymphalis californica,Nymphalidae,5,5.95
Nymphalis polychloros,Nymphalidae,5.6,6.8
Nymphalis xanthomelas,Nymphalidae,6,7
Oleria makrena,Nymphalidae,NA,NA
Pachliopta aristolochiae,Papilionidae,7.5,10.16666667
Pachliopta hector,Papilionidae,9,11
Pagyris cymothoe,Nymphalidae,NA,NA
Panoquina ocola,Hesperiidae,2.925,3.511111111
Papilio aegeus,Papilionidae,NA,10.5
Papilio crino,Papilionidae,8,10
Papilio dardanus,Papilionidae,7.118,7.989
Papilio demodocus,Papilionidae,8,8.369166667
Papilio demoleus,Papilionidae,7.125,8.25
Papilio fuscus,Papilionidae,8,9.5
Papilio prexaspes,Papilionidae,8.5,10.16666667
Papilio hipponous,Papilionidae,NA,NA
Papilio helenus,Papilionidae,9.3,11.26
Papilio machaon,Papilionidae,6.6,8.8
Papilio memnon,Papilionidae,11.16666667,13.5
Papilio polymnestor,Papilionidae,11.75,15
Papilio polytes,Papilionidae,7.625,9.625
Papilio polyxenes,Papilionidae,6.457142857,9.542857143
Papilio ulysses,Papilionidae,NA,10.63333333
Papilio xuthus,Papilionidae,6.6,9
Parantica aglea,Nymphalidae,6.333333333,7.5
Parantica melaneus,Nymphalidae,7.5,8.5
Parantica sita,Nymphalidae,8.5,9.25
Pararge aegeria,Nymphalidae,3.5,4.15
Pareronia valeria,Pieridae,5.5,7.25
Parides anchises,Papilionidae,6,8.638461538
Parides erithalion,Papilionidae,6,8.75
Parides sesostris,Papilionidae,4.512499999999999,8.3925
Parnara guttatus,Hesperiidae,3.2,3.6
Parnassius apollo,Papilionidae,6.75,9.05
Parnassius mnemosyne,Papilionidae,5.5,6.6
Parnassius smintheus,Papilionidae,4.225,6.4
Pelopidas agna,Hesperiidae,2.7,3.1
Pelopidas mathias,Hesperiidae,2.641333333,2.9156
Pelopidas thrax,Hesperiidae,3.8,3.96
Phalanta phalantha,Nymphalidae,4.6,5.714285714
Philaethria dido,Nymphalidae,4.9,7.8
Phoebis agarithe,Pieridae,5.32,6.92
Phoebis argante,Pieridae,4.92,6.53
Phoebis neocypris,Pieridae,4.525,5.98
Phoebis philea,Pieridae,6.366666667,8.316818182
Phoebis sennae,Pieridae,4.911111111,6.519545455
Pholisora catullus,Hesperiidae,2.366666667,2.95
Phyciodes picta,Nymphalidae,2.566666667,3.233333333
Pieris brassicae,Pieridae,5.16,6.24
Pieris canidia,Pieridae,4.5,5.5
Pieris melete,Pieridae,3.4,5.05
Pieris napi,Pieridae,3.95,5.2
Pieris napi,Pieridae,3.95,5.2
Pieris rapae,Pieridae,3.966666667,5.03
Polygonia c-album,Nymphalidae,4.5,5.166666667
Polygonia comma,Nymphalidae,4.675,5.675
Polygonia interrogationis,Nymphalidae,5.275,7.08
Polygonia progne,Nymphalidae,4.875,5.54
Polygonus leo,Hesperiidae,4.08,4.883333333
Polyommatus icarus,Lycaenidae,2.8,3.9
Pontia chloridice,Pieridae,3.7,4
Pontia daplidice,Pieridae,3.9,4.4
Pontia glauconome,Pieridae,4.5,3.65
Pontia helice,Pieridae,19.5,13.57825
Pontia occidentalis,Pieridae,3.6,4.68
Pontia protodice,Pieridae,3.771428571,5.257142857
Prolibythea carinenta,Nymphalidae,3.9,4.760555556
Prosotas dubiosa,Lycaenidae,2,2.5
Protesilaus protesilaus,Papilionidae,6.15,8.025
Protographium leosthenes,Papilionidae,NA,5.1
Pseudolycaena marsyas,Lycaenidae,3.6,5.0875
Psychonotis caelius,Lycaenidae,NA,2.925
Pteronymia aletta,Nymphalidae,NA,NA
Pteronymia artena,Nymphalidae,NA,NA
Pteronymia veia,Nymphalidae,NA,NA
Pterourus menatius,Papilionidae,7.55,9.7
Pterourus troilus,Papilionidae,8.225,11.58
Pyrgus communis,Hesperiidae,2.336818182,3.206818182
Pyrgus malvae,Hesperiidae,1.1,1.4
Pyrgus scriptura,Hesperiidae,1.6,2.32
Pyrisitia lisa,Pieridae,2.7,3.557142857
Pyronia tithonus,Nymphalidae,3.4,3.8
Rapala manea,Lycaenidae,2.733333333,3.2
Rhabdodryas trite,Pieridae,3.5,5.375714286
Salamis cacta,Nymphalidae,NA,7.5
Sarangesa dasahara,Hesperiidae,2.866666667,3.433333333
Siproeta stelenes,Nymphalidae,7.58,9.102222222
Smyrna blomfildia,Nymphalidae,7.325,8.82
Strymon melinus,Lycaenidae,2.48,3.22
Symphaedra nais,Nymphalidae,6,7
Tagiades japetus,Hesperiidae,3.225,3.825
Tagiades litigiosa,Hesperiidae,3.433333333,3.933333333
Taractrocera ceramas,Hesperiidae,NA,NA
Tarucus theophrastus,Lycaenidae,2,2.3
Theclinesthes onycha,Lycaenidae,NA,2.4
Thymelicus lineola,Hesperiidae,2.316666667,2.75
Thyridia psidii,Nymphalidae,4.5,7.885714286
Tirumala formosa,Nymphalidae,8,8.5
Tirumala hamata,Nymphalidae,NA,7.333333333
Tirumala limniace,Nymphalidae,7.166666667,8.775
Tirumala petiverana,Nymphalidae,7.5,8.55
Tirumala septentrionis,Nymphalidae,7.166666667,8.75
Tithorea harmonia,Nymphalidae,6,7.792916667
Urbanus dorantes,Hesperiidae,2.98,4.146923077
Urbanus proteus,Hesperiidae,3.666666667,4.773636364
Urbanus simplicius,Hesperiidae,3.7,4.9
Vagrans egista,Nymphalidae,5.5,6.333333333
Vanessa annabella,Nymphalidae,4.2,5.175
Vanessa atalanta,Nymphalidae,4.825,6.225
Vanessa cardui,Nymphalidae,4.961538462,6.091388889
Vanessa carye,Nymphalidae,3.05,5.3
Vanessa indica,Nymphalidae,5.3,6.166666667
Vanessa itea,Nymphalidae,4.8,5.5
Vanessa kershawi,Nymphalidae,4.935714286,6.086578947
Vanessa cardui,Nymphalidae,4.961538462,6.091388889
Vanessa virginiensis,Nymphalidae,4.516666667,6.166666667
Vindula erota,Nymphalidae,7.4,10
Yoma sabina,Nymphalidae,6.5,7.5
Ypthima asterope,Nymphalidae,3,3.45
Ypthima huebneri,Nymphalidae,2.933333333,3.566666667
Zegris eupheme,Pieridae,4.6,5
Zerene cesonia,Pieridae,4.7125,5.822222222
Zerynthia cerisyi,Papilionidae,5.1,6.2
Zizeeria karsandra,Lycaenidae,1.76,2.271428571
Zizeeria knysna,Lycaenidae,1.9,2.375
Zizina otis,Lycaenidae,1.81875,2.43
Zizula hylax,Lycaenidae,1.6,4.233333333
