species,season,prop_tropics,range_km2
Abaeis_nicippe,S1,0.3998217000180452,9901537.496197807
Abaeis_nicippe,S2,0.5952198702171639,22203817.04762563
Abaeis_nicippe,S3,0.25922182843954455,12366815.60093045
Abaeis_nicippe,S4,0.3742486904753618,10274500.399111452
Acraea_acerata,S1,1,7887613.715359819
Acraea_acerata,S2,1,11322785.424658062
Acraea_acerata,S3,1,13852664.80310818
Acraea_andromacha,S1,0.5359221522382658,45123032.97269162
Acraea_andromacha,S2,0.4794300202941997,10334906.877559042
Acraea_andromacha,S3,0.535890159606861,35948692.43839926
Acraea_andromacha,S4,0.46599647085445584,13078101.462452143
Acraea_encedon,S1,0.7914918863702645,15089514.460737558
Acraea_encedon,S2,0.8129611995936916,29659882.97252523
Acraea_encedon,S3,0.7748389007852661,27007641.075793672
Acraea_encedon,S4,0.8257680862367407,31349464.25122091
Acraea_eponina,S1,0.8388325714501453,18495497.91437761
Acraea_eponina,S2,0.9228783693097736,28014715.481548917
Acraea_eponina,S3,1,7679490.575518306
Acraea_neobule,S1,0.7892184254854715,31160430.07242045
Acraea_neobule,S2,0.8996097914793045,22724362.329868846
Acraea_neobule,S3,0.8560647195230393,20304865.143608652
Acraea_neobule,S4,0.8140452490885073,23902457.761963792
Acraea_terpsicore,S1,0.766486262362676,58954284.91112778
Acraea_terpsicore,S2,0.8001970540367195,55905710.53982211
Acraea_terpsicore,S3,0.7935108802440557,56901894.485497765
Acraea_terpsicore,S4,0.7966150254453518,56661001.52440279
Actinote_anteas,S1,1,3222809.832719931
Actinote_anteas,S2,1,6219696.146155566
Actinote_anteas,S3,1,3811548.0406893035
Actinote_anteas,S4,1,11653294.226436181
Acytolepis_puspa,S1,0.5884134002292295,75944072.23346546
Acytolepis_puspa,S2,0.7698244005737344,31405120.6814562
Acytolepis_puspa,S3,0.5854342676175159,77363709.6082921
Acytolepis_puspa,S4,0.7980824079486305,27143845.5040723
Aeria_eurimedia,S1,1,18254575.062066004
Aeria_eurimedia,S2,1,8741493.910717117
Aeria_eurimedia,S3,1,9396472.178449478
Aeria_eurimedia,S4,0.8523976803875742,18290554.382774547
Aglais_milberti,S1,NA,25869476.0802593
Aglais_milberti,S2,NA,27521339.644726615
Aglais_milberti,S3,NA,27935423.963455316
Aglais_milberti,S4,0.382579487270512,83243818.28141415
Aglais_urticae,S1,NA,56245165.054556906
Aglais_urticae,S2,NA,61834755.605346546
Aglais_urticae,S3,NA,65125953.59463882
Aglais_urticae,S4,NA,38469906.161873065
Amauris_niavius,S1,0.8682991027780306,23350197.910733044
Amauris_niavius,S2,0.8666271392160653,19212281.721807532
Amauris_niavius,S3,0.9072729399272523,15330987.70746798
Amauris_niavius,S4,0.9058123360538883,20387422.353017434
Anteos_clorinde,S1,0.7902859303387405,57295509.94479243
Anteos_clorinde,S2,0.7527727178721224,56854571.44302926
Anteos_clorinde,S3,0.6943008630421752,62340630.4626449
Anteos_clorinde,S4,0.773992071935771,51162855.07664721
Anteos_maerula,S1,0.7564215977037346,8680352.071077172
Anteos_maerula,S2,0.6851984388368199,14248932.111328825
Anteos_maerula,S3,0.7540557377534071,21923038.207739938
Anteos_maerula,S4,0.6836296420179426,13502042.86579734
Anthene_amarah,S1,0.81190984396943,53118659.74129259
Anthene_amarah,S2,0.7907825908564337,40145053.91150682
Anthene_amarah,S3,0.9609824000114744,37793659.81042298
Anthene_amarah,S4,0.7804732321762976,53191959.28477727
Aphrissa_boisduvalii,S1,1,4003975.8110555024
Aphrissa_boisduvalii,S2,1,5981591.007179545
Aphrissa_boisduvalii,S3,1,5873205.389094479
Aphrissa_boisduvalii,S4,1,3996679.7883396787
Aphrissa_statira,S1,0.8108877191761891,184036912.3241749
Aphrissa_statira,S2,0.7023426784081601,51965838.24521621
Aphrissa_statira,S3,0.631543384918658,64940254.2475664
Aphrissa_statira,S4,0.72949212214893,50146750.33365532
Aporia_crataegi,S1,NA,41876206.824482314
Aporia_crataegi,S2,NA,38600770.493123546
Aporia_crataegi,S3,NA,27257605.952690642
Aporia_crataegi,S4,NA,19702683.70102904
Appias_albina,S1,0.8736950030242193,23050932.61302321
Appias_albina,S2,0.9077226118028809,53666956.625418216
Appias_albina,S3,0.6575692820107264,125418081.38984987
Appias_albina,S4,0.8907296208376412,29352571.478249986
Appias_indra,S1,0.8469701601038849,17556324.234573446
Appias_indra,S2,0.8406644830270089,15368404.968699185
Appias_indra,S3,0.7687263648794224,15017303.834066834
Appias_indra,S4,0.8459189288378174,14708122.848692955
Appias_lalage,S1,0.7600698222723757,7837819.057527924
Appias_lalage,S2,NA,156401.06360684443
Appias_libythea,S1,0.8898731470293537,23130415.840411156
Appias_libythea,S2,0.8997722469686056,23321478.5025728
Appias_libythea,S3,0.8621466038208644,25001954.605612405
Appias_libythea,S4,0.880330552350781,23880308.3160112
Appias_lyncida,S1,0.8846528867209846,23699105.556415
Appias_lyncida,S2,0.8822814008139132,23696929.801983725
Appias_lyncida,S3,0.8728501739899028,28543859.125991184
Appias_lyncida,S4,0.8712739907383925,22030191.08446235
Appias_melania,S1,1,119222.35310819877
Appias_paulina,S1,0.7270898117793921,71330518.80082914
Appias_paulina,S2,0.7969011432425661,62709783.00205468
Appias_paulina,S3,0.7969496864695936,55942716.12787808
Appias_paulina,S4,0.7371808041807983,56008810.41645409
Araschnia_levana,S1,NA,23428284.950949337
Araschnia_levana,S2,NA,32948808.262399685
Araschnia_levana,S3,NA,25004970.88255703
Araschnia_levana,S4,NA,9972664.83148056
Argynnis_callippe,S1,NA,608627.1831029045
Argynnis_callippe,S2,NA,3718290.093623443
Argynnis_callippe,S3,NA,3704422.732413701
Argynnis_hyperbius,S1,0.7000812641723212,79394552.70006116
Argynnis_hyperbius,S2,0.6710910150977611,96124781.36442
Argynnis_hyperbius,S3,0.7297610068690583,64020590.675455764
Argynnis_hyperbius,S4,0.686712804807033,94516607.73636323
Arhopala_centaurus,S1,0.9008946091945095,49353148.119180925
Arhopala_centaurus,S2,0.9161159027975738,48074931.03978348
Arhopala_centaurus,S3,0.9084958982798974,43415761.90266158
Arhopala_centaurus,S4,0.8726478999032583,52328592.59365555
Ariadne_ariadne,S1,0.8891703553739901,21521217.4762535
Ariadne_ariadne,S2,0.9006773942124453,23011926.412804127
Ariadne_ariadne,S3,0.8303105866309928,24870666.51472148
Ariadne_ariadne,S4,0.8834844171863728,21699851.36163918
Ariadne_merione,S1,0.6759012000509584,12310081.64299752
Ariadne_merione,S2,0.7233500831812943,16328004.69467972
Ariadne_merione,S3,0.656349245458003,12583545.840375923
Ariadne_merione,S4,0.7270917021260618,9062279.559346212
Ascia_monuste,S1,0.6918651475344224,62843972.967498824
Ascia_monuste,S2,0.6386633356846434,67148016.34020504
Ascia_monuste,S3,0.5927298640822974,114024311.17854398
Ascia_monuste,S4,0.6929149881955252,62608163.968357615
Asterocampa_celtis,S1,0.031207188383666054,7117995.526090596
Asterocampa_celtis,S2,0.20665425588783776,10570990.40240647
Asterocampa_celtis,S3,0.20777065411035514,8527121.854998497
Asterocampa_celtis,S4,0.20905594581650158,7078053.010227313
Asterocampa_clyton,S1,0.017408540341263712,2901095.929089074
Asterocampa_clyton,S2,0.1904938016856173,8959159.483943006
Asterocampa_clyton,S3,0.21188235751168927,8202521.5206149435
Asterocampa_clyton,S4,NA,7264288.524903743
Atalopedes_campestris,S1,0.5233186641399399,21447951.973280758
Atalopedes_campestris,S2,0.5508749897983057,23226413.732212592
Atalopedes_campestris,S3,0.5613839204622836,23644704.82067503
Atalopedes_campestris,S4,0.5201602603702937,19369597.4116981
Athesis_clearista,S1,1,1128763.357276834
Athesis_clearista,S2,1,1557451.4402655927
Athesis_clearista,S3,1,148526.37717801996
Athesis_clearista,S4,1,85568.84665487958
Azanus_jesous,S1,0.7109610463687376,71720757.99869268
Azanus_jesous,S2,0.7347955809573165,75806323.85251927
Azanus_jesous,S3,0.764291327390867,70066003.35169439
Azanus_jesous,S4,0.7437035512695505,84460049.11438178
Azanus_ubaldus,S1,0.694271055667924,79457334.11972822
Azanus_ubaldus,S2,0.726516575228709,59668847.73120291
Azanus_ubaldus,S3,0.7627975619846886,75009648.42769368
Azanus_ubaldus,S4,0.7266942225007813,73622457.776695
Badamia_exclamationis,S1,0.7250144819667086,63425275.260376096
Badamia_exclamationis,S2,0.9425700067961575,44134736.30429145
Badamia_exclamationis,S3,0.9170011724283338,40284915.35139991
Badamia_exclamationis,S4,0.7988304449771163,55398844.79353539
Battus_crassus,S1,1,418542.6350064103
Battus_crassus,S2,1,5070827.018471286
Battus_crassus,S3,1,8605173.932330545
Battus_crassus,S4,0.9339381088843693,13692034.958744217
Battus_philenor,S1,0.38883782236008463,10933716.51627942
Battus_philenor,S2,0.4687857998111323,19416730.76610971
Battus_philenor,S3,0.3179173607192566,15578438.243172478
Battus_philenor,S4,0.35312547917159337,11475385.967379803
Battus_polydamas,S1,0.7271604363820002,55293382.85883825
Battus_polydamas,S2,0.633755100799076,67237694.04034208
Battus_polydamas,S3,0.6484238802069378,64695795.14032108
Battus_polydamas,S4,0.7215744183306171,54547891.07424764
Belenois_aurota,S1,0.6852807460428385,81809111.01511574
Belenois_aurota,S2,0.6857583131271788,61928415.04553629
Belenois_aurota,S3,0.641976161167586,84828537.33132887
Belenois_aurota,S4,0.7054536318707758,77162627.20527796
Belenois_calypso,S1,1,16386802.140804084
Belenois_calypso,S2,1,7764509.4149342375
Belenois_calypso,S3,1,10929630.9892036
Belenois_calypso,S4,1,10748517.111946503
Belenois_creona,S1,0.7865892968199297,34858056.72530439
Belenois_creona,S2,0.7747606548445646,24909748.441169042
Belenois_creona,S3,0.8001172682729715,42016322.78865049
Belenois_creona,S4,0.7905820233028121,36033206.14809835
Belenois_gidica,S1,0.7793253839856791,30748694.11128281
Belenois_gidica,S2,0.7911403722521522,35339114.15180052
Belenois_gidica,S3,0.7927281168046381,34300497.380282104
Belenois_gidica,S4,0.7863078553302019,33110112.15222689
Belenois_java,S1,0.6547791205079417,24918484.6337342
Belenois_java,S2,0.5585465304741565,18031251.534969322
Belenois_java,S3,0.5413608341828088,17939275.819549333
Belenois_java,S4,0.5533912070046528,349163907.92562175
Belenois_zochalia,S1,0.7827101836245705,9588641.77109528
Belenois_zochalia,S2,0.7680418588810322,17967362.941002674
Belenois_zochalia,S3,0.7754071881911636,10800825.973998671
Belenois_zochalia,S4,0.7781423605050322,10713823.414117286
Biblis_hyperia,S1,0.724855795444457,59302412.49572387
Biblis_hyperia,S2,0.7123277093744904,63445788.128303505
Biblis_hyperia,S3,0.7538507475451203,52338550.78661208
Biblis_hyperia,S4,0.7517530673001488,52495336.708349936
Bindahara_phocides,S1,0.962708773843693,28488894.733247824
Bindahara_phocides,S2,1,29634103.18202104
Bindahara_phocides,S3,1,30493647.071794905
Bindahara_phocides,S4,1,31563188.024623718
Boloria_epithore,S1,NA,1237354.2525647618
Boloria_epithore,S2,NA,4555052.935292579
Boloria_epithore,S3,NA,7718834.634895528
Boloria_selene,S1,NA,37669157.320794806
Boloria_selene,S2,NA,74069781.0586644
Boloria_selene,S3,NA,65061813.82182138
Boloria_selene,S4,NA,39904973.77820216
Borbo_borbonica,S1,1,33878052.522661604
Borbo_borbonica,S2,0.71282840680612225,51489719.55829128
Borbo_borbonica,S3,0.7669069866570702,44594348.30612946
Borbo_borbonica,S4,0.7514415221900481,42663192.74294145
Borbo_cinnara,S1,0.8159822830504467,26400294.804896254
Borbo_cinnara,S2,0.822088962230782,24144469.196031924
Borbo_cinnara,S3,0.8499078092165318,58428521.62129409
Borbo_cinnara,S4,0.8959389313057847,21275897.09487886
Byblia_anvatara,S1,0.8302501937349732,30276055.641140953
Byblia_anvatara,S2,0.8563248936410128,32521106.79247601
Byblia_anvatara,S3,0.8464478260532621,27943109.623781823
Byblia_anvatara,S4,0.8585318189546719,35210235.341492735
Byblia_ilithyia,S1,0.8318975788314061,72676746.2499452
Byblia_ilithyia,S2,0.8682595849899939,38738733.94081572
Byblia_ilithyia,S3,0.8462285004095914,67792231.97509505
Byblia_ilithyia,S4,0.8531309380799241,38421978.33066428
Cacyreus_marshalli,S1,0.5971256803008984,51911601.238587454
Cacyreus_marshalli,S2,0.5959701931070066,52105883.334200725
Cacyreus_marshalli,S3,0.5646009099432008,50752452.55606569
Cacyreus_marshalli,S4,0.5656829321123275,56224332.771696836
Callithomia_lenea,S1,0.8410046660182932,2190058.2481018165
Calpodes_ethlius,S1,0.6716461776183208,47861011.68986341
Calpodes_ethlius,S2,0.6679069773449168,61275280.95703429
Calpodes_ethlius,S3,0.6541456646426003,60378418.51872728
Calpodes_ethlius,S4,0.6976107903216443,47519451.3521185
Castalius_rosimon,S1,0.8032479597675236,26584897.67134799
Castalius_rosimon,S2,0.8770826449509413,25599251.03842782
Castalius_rosimon,S3,0.8217226209825504,24284197.62440948
Castalius_rosimon,S4,0.8185054066763027,22952701.876362957
Catasticta_nimbice,S1,0.6481269946682099,9165068.565155946
Catasticta_nimbice,S2,0.8754138129307412,10597896.413145598
Catasticta_nimbice,S3,0.6588598495364124,9122104.40032248
Catasticta_nimbice,S4,0.8383810430732522,4121930.352534489
Catopsilia_gorgophone,S1,0.5162960933531445,3915399.633010575
Catopsilia_gorgophone,S2,0.12827810745222304,670738.7379904051
Catopsilia_gorgophone,S3,0.5213174651519694,1558025.421657439
Catopsilia_gorgophone,S4,0.19047037188565166,391149.39575620106
Catopsilia_pomona,S1,0.7157668090187347,70787184.23119996
Catopsilia_pomona,S2,0.588016240110373,133782000.94263993
Catopsilia_pomona,S3,0.5692031671154906,139403985.77085137
Catopsilia_pomona,S4,0.7130623628545244,75634722.21405774
Catopsilia_pyranthe,S1,0.6654496740958207,68926063.8940656
Catopsilia_pyranthe,S2,0.7250812426517462,63261508.966439225
Catopsilia_pyranthe,S3,0.728596721710485,75541318.08537455
Catopsilia_pyranthe,S4,0.6788444946584267,98376038.42943762
Catopsilia_scylla,S1,0.8763947996353496,29145836.076769903
Catopsilia_scylla,S2,1,31001197.815629993
Catopsilia_scylla,S3,0.8821150566556679,40180326.57130895
Catopsilia_scylla,S4,0.9023545095548036,42396448.98746105
Celastrina_argiolus,S1,0.2130286747444617,120308458.04580736
Celastrina_argiolus,S2,0.2097441328148664,126953958.03369181
Celastrina_argiolus,S3,0.20522975317884332,117866739.06368415
Celastrina_argiolus,S4,0.19629348543046876,118675319.95761056
Cepora_nadina,S1,0.8016342336926906,14900313.18972091
Cepora_nadina,S2,0.8156824486759623,14600890.533395521
Cepora_nadina,S3,0.8248464744056567,14532917.065659761
Cepora_nadina,S4,0.8474891371072918,19059520.4385334
Cepora_nerissa,S1,0.6668953379061527,14290312.615649292
Cepora_nerissa,S2,0.7125253528883753,13993899.72970116
Cepora_nerissa,S3,0.8197064667169927,23806764.374065563
Cepora_nerissa,S4,0.6922075233796325,17422172.656901125
Cepora_perimale,S1,0.8050020066190656,17593828.85569603
Cepora_perimale,S2,0.7555057871215305,9559133.675638659
Cepora_perimale,S3,0.7440454578033149,16332452.089609098
Cepora_perimale,S4,0.7965366297595627,8941951.045518545
Ceratinia_tutia,S1,1,2382574.1696999697
Ceratinia_tutia,S2,1,7266806.136437715
Ceratinia_tutia,S3,1,9438062.944957914
Ceratinia_tutia,S4,1,10028737.4493468
Charaxes_candiope,S1,0.830806022663941,48433865.15031778
Charaxes_candiope,S2,0.7770874047211124,14765966.02526925
Charaxes_candiope,S3,0.8254070823199113,12968284.920754174
Charaxes_candiope,S4,0.8207020542762354,11694549.68817921
Charaxes_psaphon,S1,0.8877709075716691,3519842.224821902
Charaxes_varanes,S1,0.8095718731990822,46816493.20760119
Charaxes_varanes,S2,0.7640140344216104,24386511.749351874
Charaxes_varanes,S3,0.8008975329091788,44495474.13156556
Charaxes_varanes,S4,0.8003797444182601,44951399.550163984
Chioides_catillus,S1,0.7101589054210532,59161026.4571037
Chioides_catillus,S2,0.6786801064195792,64935600.60354686
Chioides_catillus,S3,0.6666546638231015,63287946.25069812
Chioides_catillus,S4,0.7246516271773001,55839891.799407594
Cirrochroa_emalea,S1,1,1186265.8214007975
Cirrochroa_emalea,S2,1,3395414.326635659
Cirrochroa_emalea,S3,1,1358451.2343476778
Cirrochroa_emalea,S4,1,3450569.828370017
Cirrochroa_thais,S1,1,4529716.767242712
Cirrochroa_thais,S2,1,946516.4246390203
Cirrochroa_thais,S3,1,1181626.9159909599
Cirrochroa_thais,S4,1,900654.870189762
Coeliades_forestan,S1,0.7927172790713112,38254078.34747969
Coeliades_forestan,S2,0.8445922798738552,40460968.64338044
Coeliades_forestan,S3,0.8414780786950147,31153169.369278707
Coeliades_forestan,S4,0.8068763370247443,40878568.62654841
Colias_alexandra,S1,NA,1513199.4296447306
Colias_alexandra,S2,NA,3318345.479564469
Colias_alexandra,S3,NA,4668871.995848754
Colias_alfacariensis,S1,NA,7305771.999816515
Colias_alfacariensis,S2,NA,19797468.7354365
Colias_alfacariensis,S3,NA,8149746.89609249
Colias_alfacariensis,S4,NA,4237826.297014283
Colias_croceus,S1,0.36850269672778607,39083992.20656044
Colias_croceus,S2,NA,34966832.60272503
Colias_croceus,S3,NA,73986365.71131493
Colias_croceus,S4,NA,24990403.317446753
Colias_electo,S1,0.7995917339597656,12261218.779716859
Colias_electo,S2,0.7859382386915403,12495540.384238416
Colias_electo,S3,0.7603459779466887,11955024.399128925
Colias_electo,S4,0.7818751171928934,13047968.253978334
Colias_erate,S1,NA,17662003.088778038
Colias_erate,S2,0.07866747375079254,43130906.239350244
Colias_erate,S3,0.29041109159301143,53092228.88689153
Colias_erate,S4,NA,4447559.457722219
Colias_eurymus,S1,NA,20395.277123435426
Colias_eurymus,S2,NA,62908.24810056044
Colias_eurymus,S3,NA,182899.06923318456
Colias_eurytheme,S1,0.26216177854189254,15785037.539828839
Colias_eurytheme,S2,0.27197716666236477,18418847.322028108
Colias_eurytheme,S3,0.20374410822822814,57127858.08947699
Colias_eurytheme,S4,0.46836783337050625,126506988.47419457
Colias_fieldii,S1,NA,2775982.9003435653
Colias_fieldii,S2,NA,4686509.229192842
Colias_fieldii,S3,NA,4545861.483870897
Colias_fieldii,S4,NA,2336282.3244681284
Colias_hyale,S1,NA,17557283.906253684
Colias_hyale,S2,NA,44593544.94666866
Colias_hyale,S3,NA,30964097.645210218
Colias_hyale,S4,NA,9923982.607881695
Colias_lesbia,S1,0.6157208603148069,15308186.95660649
Colias_lesbia,S2,0.38687471087338227,5597756.7241618065
Colias_lesbia,S3,0.4497151194967519,7899032.486868767
Colias_lesbia,S4,0.05031769041721257,3829031.1733408836
Colias_palaeno,S1,NA,82290302.23751092
Colias_palaeno,S2,NA,101373286.2052287
Colias_palaeno,S3,NA,88010925.57826348
Colias_palaeno,S4,NA,4723131.201771947
Colias_philodice,S1,0.22089108606704333,44719679.00471812
Colias_philodice,S2,0.21195244915181075,48100913.601859294
Colias_philodice,S3,0.2500021264071346,50306831.45097343
Colias_philodice,S4,0.25208772308815836,17842540.392811835
Colotis_amata,S1,0.8499715430085439,45756413.27883711
Colotis_amata,S2,0.8843024233863864,40286011.341001116
Colotis_amata,S3,0.7838294306539244,50211670.921383515
Colotis_amata,S4,0.8322511511792092,35970009.03472759
Colotis_chrysonome,S1,0.9985181866310653,17741457.468520176
Colotis_eris,S1,0.9063616219104061,23718407.867550295
Colotis_eris,S2,0.8829736542839574,12808927.163630746
Colotis_eris,S3,0.8083373708958714,20685093.576649096
Colotis_eris,S4,0.8125038800248763,17711757.55183568
Colotis_etrida,S1,0.7450555750864957,6140646.01642201
Colotis_etrida,S2,0.7256016476173771,2784864.119890565
Colotis_etrida,S3,0.7119374692777436,3067141.926273382
Colotis_etrida,S4,0.780515589772923,3491551.171123645
Colotis_evagore,S1,0.6647761466267305,42361607.57889031
Colotis_evagore,S2,0.6656943723893441,42601294.32653336
Colotis_evagore,S3,0.6550376048546056,42745616.777642824
Colotis_evagore,S4,0.6538310515665109,50252930.409096286
Colotis_evenina,S1,0.9050778745524295,4909729.551932631
Colotis_evenina,S2,0.8154102785232814,5054881.136156722
Colotis_evenina,S3,0.9017431094253063,7226555.4063034505
Colotis_evenina,S4,0.7053031377470586,7899157.7053480325
Colotis_fausta,S1,0.6268856168316729,14001687.427169397
Colotis_fausta,S2,0.5634564281634524,12145491.519909235
Colotis_fausta,S3,0.5613641575565855,16445396.367523767
Colotis_fausta,S4,0.5520158747315523,16030181.71087371
Colotis_phisadia,S1,0.4849567692900669,17694421.984356575
Colotis_phisadia,S2,0.7768452690769196,18660243.339325238
Colotis_phisadia,S3,0.47087895182917927,7787102.770983852
Colotis_phisadia,S4,0.6450463499006424,18922460.860997915
Cupha_erymanthis,S1,0.8396761894079486,22810868.848636955
Cupha_erymanthis,S2,0.8205268913726855,23515347.652557455
Cupha_erymanthis,S3,0.8174759902991954,26784761.737486046
Cupha_erymanthis,S4,0.8198830703142572,23244567.903753277
Cyaniris_semiargus,S1,NA,22387957.23838655
Cyaniris_semiargus,S2,NA,39514185.06375466
Cyaniris_semiargus,S3,NA,32041882.19938207
Cyaniris_semiargus,S4,NA,6004579.907380954
Cyllopsis_pertepida,S1,1,864547.0549446582
Cyllopsis_pertepida,S2,0.28576881642280233,3766641.335363933
Cyllopsis_pertepida,S3,0.2871978840373316,3746803.347516203
Cyllopsis_pertepida,S4,1,150089.37919140258
Cymothoe_caenis,S1,1,3112612.456009197
Cymothoe_caenis,S2,1,4447738.252092038
Cymothoe_caenis,S3,1,5011551.243940633
Cymothoe_caenis,S4,1,6403101.504289494
Cyrestis_cocles,S1,0.8525200764070482,6072135.905665393
Cyrestis_cocles,S2,0.875709444959396,5318531.461771394
Cyrestis_cocles,S3,0.9282553333591002,11070658.592954721
Cyrestis_cocles,S4,0.8944370495678071,11744692.500697527
Danaus_affinis,S1,0.7808343030838482,32609554.90336607
Danaus_affinis,S2,0.8338657646094222,29510794.234669097
Danaus_affinis,S3,0.875865029102975,35819542.55407805
Danaus_affinis,S4,0.7914512188341727,39388646.08956409
Danaus_chrysippus,S1,0.5937821655790615,174607512.5563754
Danaus_chrysippus,S2,0.6099698576379131,168544355.63069308
Danaus_chrysippus,S3,0.5601798936694464,184630740.40645862
Danaus_chrysippus,S4,0.564399828329597,193752333.88296434
Danaus_eresimus,S1,0.7050121174725034,61214455.95649745
Danaus_eresimus,S2,0.6598615886019383,62551907.66191816
Danaus_eresimus,S3,0.67702031315822,58931994.82034673
Danaus_eresimus,S4,0.6726798794670453,59761985.13574394
Danaus_erippus,S1,0.6411179319751764,17429223.298534203
Danaus_erippus,S2,0.5930910962832867,12964280.672765858
Danaus_erippus,S3,0.6232605079802062,16119574.22815009
Danaus_erippus,S4,0.5481378816301717,14880889.88902101
Danaus_genutia,S1,0.8355886176733035,35333689.152183115
Danaus_genutia,S2,0.803524637053976,34905221.78854015
Danaus_genutia,S3,0.8043283462371946,33702681.33582581
Danaus_genutia,S4,0.8522600276134084,32913185.909673117
Danaus_gilippus,S1,0.6711636592580351,69889774.0607614
Danaus_gilippus,S2,0.6344453567955665,75259931.70385562
Danaus_gilippus,S3,0.6572219034429466,74154083.93344818
Danaus_gilippus,S4,0.6548030515950065,68039519.29804292
Danaus_plexippus,S1,0.5472277001296925,344224499.03454494
Danaus_plexippus,S2,0.506184904213976,390683420.4331604
Danaus_plexippus,S3,0.5112298821993239,368637631.9290993
Danaus_plexippus,S4,0.5236522537859699,380275101.73642695
Delias_acalis,S1,0.9292608025974836,6304254.94203265
Delias_aganippe,S1,NA,5732519.857297768
Delias_aganippe,S2,0.09571632780317664,6681387.753669058
Delias_aganippe,S3,0.166994665624062,7087105.836767439
Delias_aganippe,S4,NA,5639470.699341788
Delias_eucharis,S1,0.6997383583984834,10602984.075845787
Delias_eucharis,S2,0.7718932606040153,13139413.550483864
Delias_eucharis,S3,0.6878265596891089,4703513.408952417
Delias_eucharis,S4,0.6701403238957684,7565985.130983333
Delias_harpalyce,S1,NA,1609777.0458023613
Delias_harpalyce,S2,NA,1389487.0686280509
Delias_harpalyce,S3,NA,1498750.9694506424
Delias_harpalyce,S4,NA,4338886.276334866
Delias_nigrina,S1,0.368744815534715,2190494.2530167955
Delias_nigrina,S2,0.3588371079492108,5851675.601489579
Delias_nigrina,S3,0.41189520810452684,2362500.3114690376
Delias_nigrina,S4,0.3749072917542764,2307646.0618280773
Delias_ninus,S2,1,953350.9840649756
Delias_ninus,S3,1,100059.18720230975
Delias_ninus,S4,1,91134.08916677885
Delias_pasithoe,S1,0.8737614379743472,16685317.072122458
Delias_pasithoe,S2,0.8869355572909436,15133604.97580037
Delias_pasithoe,S3,0.8508462549449244,19937801.98873542
Delias_pasithoe,S4,0.8726385184892131,17245225.929147583
Deudorix_antalus,S2,0.7090679077639084,17378497.641001552
Deudorix_antalus,S3,0.7760244606635426,26155211.48740827
Deudorix_antalus,S4,0.8004639190543472,43080689.216826074
Deudorix_livia,S2,NA,256456.62757272366
Deudorix_livia,S3,NA,72505.95163764816
Deudorix_livia,S4,0.6405099155190425,17302520.367961567
Dione_juno,S1,0.8029485882585213,48571932.01555013
Dione_juno,S2,0.8150547803440138,47903401.42188994
Dione_juno,S3,0.8375388817745998,46562757.91207396
Dione_juno,S4,0.8546584264224094,46045449.53255814
Dione_moneta,S1,0.7085233925540121,55995041.09360309
Dione_moneta,S2,0.6864445087457074,52908704.72456875
Dione_moneta,S3,0.7151656205346449,45516081.35052989
Dione_moneta,S4,0.7279343064484474,45054129.43671198
Dircenna_dero,S1,0.8360234825620722,35895502.87267443
Dircenna_dero,S2,0.8602996889500075,34795243.14937423
Dircenna_dero,S3,0.8584707858463231,35005973.23117548
Dircenna_dero,S4,0.8363797729477366,33507797.27914036
Dircenna_jemina,S2,1,4791075.3852331145
Dircenna_jemina,S3,1,6552572.3267229535
Dircenna_jemina,S4,1,7005446.076427168
Dixeia_charina,S2,0.7065635258734716,8070803.953888923
Dixeia_charina,S3,NA,1075677.12053741
Dixeia_charina,S4,NA,991716.6023829149
Dixeia_pigea,S2,0.7813763006935925,8149417.8664240455
Dixeia_pigea,S3,0.8496031063876507,12970888.764204422
Dixeia_pigea,S4,0.8372200274979191,5687886.411759309
Doleschallia_bisaltide,S1,0.7822187159728556,53067584.6963171
Doleschallia_bisaltide,S2,0.7861489265671205,56752057.23736313
Doleschallia_bisaltide,S3,0.7746319284541574,68420347.97747774
Doleschallia_bisaltide,S4,0.8034578588332578,55419551.729210615
Dryadula_phaetusa,S1,0.771560465234988,46521089.19499473
Dryadula_phaetusa,S2,0.7448797243495103,51952002.67720158
Dryadula_phaetusa,S3,0.8067125191282716,41181876.20542145
Dryadula_phaetusa,S4,0.7677396486475215,47584789.44172677
Dryas_iulia,S1,0.568107223667326,206051217.05357793
Dryas_iulia,S2,0.5691102861026697,221429831.80045065
Dryas_iulia,S3,0.5596138818156724,219814876.26929498
Dryas_iulia,S4,0.716312522188038,167385431.7777146
Dynastor_darius,S2,0.8802281164685459,31974644.527936872
Dynastor_darius,S3,0.8802281164686115,35033293.37904643
Dynastor_darius,S4,0.8201370583284683,26892503.229921393
Echinargus_isola,S1,0.5640702179851429,9805849.470507002
Echinargus_isola,S2,0.22664130987596193,30015556.604727153
Echinargus_isola,S3,0.36519889928553023,11114164.19135568
Echinargus_isola,S4,0.40354806533063947,9448942.240176268
Elodina_angulipennis,S1,0.005139397687148532,546870.1201174693
Elodina_angulipennis,S2,NA,416851.7695623747
Elodina_angulipennis,S3,0.44278343775212625,1930167.4774649632
Elodina_angulipennis,S4,0.32542227733213347,1493945.9912818808
Elodina_padusa,S1,0.5053197701639349,6856481.434003213
Elodina_padusa,S2,0.5570720765803135,7725151.948022687
Elodina_padusa,S3,0.45920335023561265,6705399.492876746
Elodina_padusa,S4,0.5128841701132212,6221590.452701966
Epargyreus_clarus,S1,0.3673567662086048,18834742.251485255
Epargyreus_clarus,S2,0.5222735623646281,28056947.882884588
Epargyreus_clarus,S3,0.47012781816187527,24453307.79434474
Epargyreus_clarus,S4,0.43805028259365436,16379246.962845847
Episcada_hymenaea,S1,0.6267748524716511,9530508.865113264
Episcada_hymenaea,S2,0.7785691563703676,15844450.997948626
Episcada_hymenaea,S3,0.5927308191836881,7179636.810188322
Episcada_hymenaea,S4,0.7709115109776751,17339701.274624392
Euchrysops_malathana,S1,0.843539207766331,30992376.587903704
Euchrysops_malathana,S2,0.8276724198872797,14164877.161720088
Euchrysops_malathana,S3,0.9288111913840607,16927064.949352037
Euchrysops_malathana,S4,0.8425297792256696,31372500.47301342
Eueides_aliphera,S1,0.789241135908283,48486187.949129835
Eueides_aliphera,S2,0.8726924656775602,39944404.08799997
Eueides_aliphera,S3,0.9361145204638599,32940226.550178215
Eueides_aliphera,S4,0.8985718947913398,31264324.043871537
Eueides_isabella,S1,0.8445110921856062,39580389.95432787
Eueides_isabella,S2,0.869460121578607,41286430.86849963
Eueides_isabella,S3,0.8924132596361902,40371932.4520061
Eueides_isabella,S4,0.850697509089405,43585488.5650219
Eueides_lybia,S2,1,8141667.626620663
Eueides_lybia,S3,1,9215530.777856084
Eueides_lybia,S4,1,6492181.177804117
Eueides_procula,S2,1,4861436.479272396
Eueides_procula,S3,1,8176959.651789758
Eueides_procula,S4,1,7612552.1225739485
Eueides_vibilia,S2,1,24513434.00518352
Eueides_vibilia,S3,1,28422474.38883781
Eueides_vibilia,S4,1,1089326.7668075806
Eunica_alcmena,S2,0.8955981636698948,18515889.514684845
Eunica_alcmena,S3,1,12264059.887171183
Eunica_alcmena,S4,1,17174893.163713604
Eunica_caelina,S2,1,18786150.558286786
Eunica_caelina,S3,1,1338156.0757084934
Eunica_caelina,S4,1,2415414.6063964586
Eunica_malvina,S2,1,12102622.595147649
Eunica_malvina,S3,1,9175889.25559859
Eunica_malvina,S4,0.9529842871579923,26140207.210656974
Eunica_monima,S1,0.8605549768698935,13165478.298376542
Eunica_monima,S2,0.7616048660193876,24064605.613727435
Eunica_monima,S3,0.7190779508653855,16116118.311843544
Eunica_monima,S4,0.8881924317971716,40794928.90367045
Eunica_tatila,S1,0.7616275407865611,51354537.018585496
Eunica_tatila,S2,0.8020377957542761,47419859.86870118
Eunica_tatila,S3,0.7432544727220989,52163782.74135537
Eunica_tatila,S4,0.8046598996592106,48610704.70707249
Euphydryas_editha,S1,NA,1284955.976475028
Euphydryas_editha,S2,NA,7332827.76110981
Euphydryas_editha,S3,NA,1471218.9740573578
Euphydryas_maturna,S1,NA,3657240.2584184706
Euphydryas_maturna,S2,NA,21374438.57103164
Euphydryas_maturna,S3,NA,12222374.687791059
Euphydryas_maturna,S4,NA,10750133.76911601
Euploea_alcathoe,S2,1,2448282.9874545336
Euploea_alcathoe,S3,1,2763865.627466153
Euploea_alcathoe,S4,1,998975.4350344862
Euploea_core,S1,0.6891196944751509,75658769.20888886
Euploea_core,S2,0.5886511238432034,149255381.22355595
Euploea_core,S3,0.7201574068831874,61928004.17264234
Euploea_core,S4,0.7338784131569406,61603255.04511433
Euploea_crameri,S2,1,3454444.13592857
Euploea_crameri,S3,1,1958571.1380227145
Euploea_crameri,S4,1,2186989.990684528
Euploea_eunice,S1,0.9334663377041897,19793700.521458644
Euploea_eunice,S2,0.9278964368328828,18230135.711622793
Euploea_eunice,S3,0.9340061718006368,19480108.18475921
Euploea_eunice,S4,0.9383274461337795,20791634.981903095
Euploea_eyndhovii,S2,1,2549671.460619612
Euploea_eyndhovii,S3,1,755663.8094381562
Euploea_eyndhovii,S4,1,1234523.1826792585
Euploea_klugii,S2,0.8324904741682887,8744602.503733508
Euploea_klugii,S3,0.7859426317445092,8229426.964877889
Euploea_klugii,S4,0.8330230425166374,8568743.280369986
Euploea_midamus,S1,0.8594983161783333,8382739.997322774
Euploea_midamus,S2,0.9569025380822773,11476603.573117228
Euploea_midamus,S3,0.8769724130343497,12042136.567110963
Euploea_midamus,S4,0.8180396503090971,8839694.522174086
Euploea_mulciber,S1,0.822767239788243,22808702.29610949
Euploea_mulciber,S2,0.8003762027306247,26157339.008422572
Euploea_mulciber,S3,0.7979038404817859,26397147.811295934
Euploea_mulciber,S4,0.7373018888129852,56817752.05416739
Euploea_phaenareta,S2,1,15315266.71879125
Euploea_phaenareta,S3,1,18206489.254130747
Euploea_phaenareta,S4,1,12644267.412801586
Euploea_radamanthus,S1,0.8357267471897686,8104260.030716286
Euploea_radamanthus,S2,0.8786933545209356,10253332.356959198
Euploea_radamanthus,S3,0.880741242223537,10874646.393305624
Euploea_radamanthus,S4,0.8588129605404113,8664424.084122317
Euploea_sylvester,S1,0.9329447644650516,44820499.25137222
Euploea_sylvester,S2,0.9490335990753529,40551273.6416283
Euploea_sylvester,S3,0.9154381836847716,44849322.83131006
Euploea_sylvester,S4,0.9157000618027733,41729833.7093382
Euploea_tulliolus,S1,0.7983185651407863,47956928.95847509
Euploea_tulliolus,S2,0.8539260162220597,234474665.22707474
Euploea_tulliolus,S3,0.8580361180642538,233325858.5357879
Euploea_tulliolus,S4,0.7733510435973932,259932024.9990763
Euptoieta_claudia,S1,0.4089953730405681,9060558.472704967
Euptoieta_claudia,S2,0.33276211176073023,15530105.805812325
Euptoieta_claudia,S3,0.3223098202069101,21515851.84953549
Euptoieta_claudia,S4,0.6327548794017651,57266936.32523746
Euptoieta_hortensia,S1,NA,3104298.2776995767
Euptoieta_hortensia,S2,NA,1678021.3079943012
Euptoieta_hortensia,S3,NA,2495207.3327328144
Euptoieta_hortensia,S4,0.009277484513876944,3797553.94860316
Eurema_albula,S1,0.842429832233288,35934535.79016902
Eurema_albula,S2,0.8416166881300706,45017619.222127505
Eurema_albula,S3,0.5495075448109903,62974462.08435609
Eurema_albula,S4,0.8397434834217496,36147369.82214074
Eurema_alitha,S1,0.9123418472816891,30965476.072159935
Eurema_alitha,S2,1,7012080.155654872
Eurema_alitha,S3,0.9816794331810427,13599318.086293353
Eurema_alitha,S4,0.972193783913475,23085447.939626962
Eurema_brigitta,S1,0.7618121323440241,124810577.61956427
Eurema_brigitta,S2,0.734619357062648,120354086.62814948
Eurema_brigitta,S3,0.7211695957312413,131981684.55736154
Eurema_brigitta,S4,0.7422382218395688,269781371.4459751
Eurema_daira,S1,0.7880161376193423,54897591.36150654
Eurema_daira,S2,0.7400651600659962,36442196.70951002
Eurema_daira,S3,0.7461122208857132,38355921.99013991
Eurema_daira,S4,0.668668089532686,18671893.41416074
Eurema_desjardinsii,S2,0.819568231556315,10334920.172861744
Eurema_desjardinsii,S3,0.7640503364210514,15458049.366413545
Eurema_desjardinsii,S4,0.8160299334326819,21062480.859340392
Eurema_elathea,S1,0.8484489330782822,27519146.351336773
Eurema_elathea,S2,0.8369984782599864,27123282.47419164
Eurema_elathea,S3,0.869707291637865,22206214.415213592
Eurema_elathea,S4,0.8442285894109365,29399776.4131619
Eurema_hecabe,S1,0.681270246959991,153249847.50951353
Eurema_hecabe,S2,0.6820016835182486,290699260.3624993
Eurema_hecabe,S3,0.6750852138490503,166487551.50314096
Eurema_hecabe,S4,0.6741295986522543,165759766.88811356
Eurema_herla,S1,0.6945416739267852,5215309.275780854
Eurema_herla,S2,0.6744084218344347,5934665.517968104
Eurema_herla,S3,0.6026184321862014,6638616.06520265
Eurema_herla,S4,0.7474857264148534,5326378.28972214
Eurema_laeta,S1,0.7037943585477346,62915474.33513091
Eurema_laeta,S2,0.7821170519244125,50160512.798692815
Eurema_laeta,S3,0.7503043086308363,58400897.345513746
Eurema_laeta,S4,0.7901828901875282,51462742.71110518
Eurema_mexicana,S1,0.5792666034568257,13680751.713955477
Eurema_mexicana,S2,0.5496730647049641,18527416.15720042
Eurema_mexicana,S3,0.5620371214025441,21634618.970941387
Eurema_mexicana,S4,0.6164702855146489,13871749.198703066
Eurema_senegalensis,S2,1,12368668.123771852
Eurema_senegalensis,S3,1,12350715.166326389
Eurema_senegalensis,S4,1,16892195.42988974
Eurema_smilax,S1,0.466979555824337,10891751.405395921
Eurema_smilax,S2,0.5150416144315156,10075730.189433161
Eurema_smilax,S3,0.46863722581578177,10362619.768407928
Eurema_smilax,S4,0.47463541007195165,10941672.268962702
Eurytela_dryope,S1,0.7695804841221815,14047538.5823086
Eurytela_dryope,S2,0.8122408999933209,22069126.1128371
Eurytela_dryope,S3,0.8088208725048828,21552931.125950158
Eurytela_dryope,S4,0.8111101564077136,23911526.840058118
Eurytides_agesilaus,S1,1,9618706.789881954
Eurytides_agesilaus,S2,0.7150750542319435,12363220.292083034
Eurytides_agesilaus,S3,1,23075060.154128663
Eurytides_agesilaus,S4,1,17428616.773564618
Eurytides_philolaus,S1,0.7782013091535023,7189614.593686052
Eurytides_philolaus,S2,0.6363849727622842,9942348.594265684
Eurytides_philolaus,S3,0.7261624366654599,2380635.960309335
Eurytides_philolaus,S4,1,1533250.5447187687
Euthalia_lubentina,S1,0.8178782011925286,12447852.9433476
Euthalia_lubentina,S2,0.8969226881243955,19245794.56537916
Euthalia_lubentina,S3,0.8275296535498337,15016210.487171542
Euthalia_lubentina,S4,0.7616773006191815,8035941.4610918835
Gegenes_nostrodamus,S2,NA,6383373.659846826
Gegenes_nostrodamus,S3,NA,14830045.05276104
Gegenes_pumilio,S1,0.69436671555960106,25948510.6308371
Gegenes_pumilio,S2,0.6640798185905923,21612612.001418915
Gegenes_pumilio,S3,NA,5963359.39481295
Gegenes_pumilio,S4,NA,4078416.57459361
Glutophrissa_drusilla,S1,0.6135890400244359,10813120.264529927
Glutophrissa_drusilla,S2,0.6185046393120295,6099930.828956581
Glutophrissa_drusilla,S3,0.727212111289327,13379358.691799061
Glutophrissa_drusilla,S4,0.5129318097404755,13866916.161930563
Gonepteryx_farinosa,S2,NA,9365324.43914609
Gonepteryx_farinosa,S3,NA,1076931.9135495161
Gonepteryx_rhamni,S1,NA,38819526.19160859
Gonepteryx_rhamni,S2,NA,73209300.04171103
Gonepteryx_rhamni,S3,NA,44861958.26145812
Gonepteryx_rhamni,S4,NA,21489568.039638568
Graphium_agamemnon,S1,0.8699155402957602,51756203.605695635
Graphium_agamemnon,S2,0.911470654799161,45565582.21270693
Graphium_agamemnon,S3,0.6661501352191348,112956955.3389935
Graphium_agamemnon,S4,0.9258039503618692,45325552.287493765
Graphium_angolanus,S1,0.8764966370969236,29634505.81474449
Graphium_angolanus,S2,1,23476145.161545012
Graphium_angolanus,S3,0.8763298543805219,27790243.21519084
Graphium_angolanus,S4,0.8788051775209472,27539719.81304385
Graphium_antiphates,S1,0.8516750587180476,15532703.625604734
Graphium_antiphates,S2,0.8396033577988075,13251597.899419336
Graphium_antiphates,S3,0.8799787581077682,17472236.899728455
Graphium_antiphates,S4,1,15031474.323982194
Graphium_doson,S1,0.8043581420543632,23084106.9647099
Graphium_doson,S2,0.7903958548885809,26631820.8757051
Graphium_doson,S3,0.8074959862745049,23841040.456543006
Graphium_doson,S4,0.8207708223369432,23657192.916521043
Graphium_eurypylus,S1,0.7513563121142173,47345082.44855591
Graphium_eurypylus,S2,0.8476211361678344,39035344.71073752
Graphium_eurypylus,S3,0.7646098464582056,45789115.3754175
Graphium_eurypylus,S4,0.7599558064819504,32134391.0449881
Graphium_leonidas,S1,0.8400882467570435,30781458.80353888
Graphium_leonidas,S2,0.8456647993461456,32307034.74944528
Graphium_leonidas,S3,0.8408926969192105,28839659.49636543
Graphium_leonidas,S4,0.8420598993519776,66073457.302068636
Graphium_nomius,S1,0.6929418124483246,9642787.435449935
Graphium_nomius,S2,0.78294579156208,9321402.719872357
Graphium_nomius,S3,0.9254370340972329,9385751.811010152
Graphium_nomius,S4,1,3521100.191834068
Graphium_policenes,S1,0.8301967486324435,23207244.284004446
Graphium_policenes,S2,1,11161338.638177719
Graphium_policenes,S3,0.7994700389732744,21267659.049699433
Graphium_policenes,S4,0.8083299633544758,20394783.418280527
Greta_andromica,S1,1,10766805.113336245
Greta_andromica,S2,1,8220512.393847227
Greta_andromica,S3,1,14760225.214243414
Greta_andromica,S4,1,13277120.965434562
Hamadryas_iphthime,S1,0.9837285512039469,10881319.794430124
Hamadryas_iphthime,S2,0.9351939158477036,35403532.44100135
Hamadryas_iphthime,S3,0.9744919793357896,21896353.561866116
Hamadryas_iphthime,S4,0.9265883986350791,35541345.84966442
Hamanumida_daedalus,S1,0.8332088758988765,30780603.05367538
Hamanumida_daedalus,S2,0.8970570245770356,27275635.884678714
Hamanumida_daedalus,S3,0.8354159246548835,29871431.842360754
Hamanumida_daedalus,S4,0.8929778048555358,29216065.1855662
Hasora_chromus,S1,0.785489509620561,58450777.32408612
Hasora_chromus,S2,0.882934789603249,198168668.3150486
Hasora_chromus,S3,0.7870761786530674,253853727.33657673
Hasora_chromus,S4,0.799912969036731,57688497.521839134
Hasora_discolor,S2,0.6080134670239626,1839170.804874743
Hasora_discolor,S3,0.5231550928871364,1588239.383013207
Hasora_discolor,S4,0.8210107375235657,10493901.932181839
Hasora_taminatus,S2,0.890257978571466,15114992.172687307
Hasora_taminatus,S3,0.920825886666984,13500447.169963688
Hasora_taminatus,S4,0.951101653668856,19324962.195009943
Hebomoia_glaucippe,S1,0.8896868714619982,22780034.38272002
Hebomoia_glaucippe,S2,0.8532750373605914,25015399.851605404
Hebomoia_glaucippe,S3,0.868000313745357,25207354.857421372
Hebomoia_glaucippe,S4,0.8882978087041544,24785949.546806116
Heliconius_antiochus,S2,1,378668.6005091756
Heliconius_antiochus,S3,1,7368792.829382042
Heliconius_antiochus,S4,1,2466149.7599798385
Heliconius_charithonia,S1,0.7105494205018597,22610143.30394403
Heliconius_charithonia,S2,0.5249748769852851,74135708.14492726
Heliconius_charithonia,S3,0.5578646088042735,76542751.34719227
Heliconius_charithonia,S4,0.6912243477210469,29423843.063621964
Heliconius_cydno,S1,0.6503184540360051,24140670.689571213
Heliconius_cydno,S2,1,5491210.975622973
Heliconius_cydno,S3,1,5989961.836099917
Heliconius_cydno,S4,0.8501919492128838,14214686.403045684
Heliconius_doris,S1,0.9176464789095088,22053690.979904193
Heliconius_doris,S2,1,19234821.01301965
Heliconius_doris,S3,1,16085018.919649057
Heliconius_doris,S4,0.9544904841228289,30881824.3269873
Heliconius_ethilla,S1,0.8076810575323947,20721899.251557775
Heliconius_ethilla,S2,0.8451299593723416,13945722.962578062
Heliconius_ethilla,S3,0.8892319639802039,21565178.300103445
Heliconius_ethilla,S4,0.7858381667287987,22623428.058649465
Heliconius_hecale,S1,1,15732352.527361432
Heliconius_hecale,S2,0.5566567937516451,73914505.40081047
Heliconius_hecale,S3,0.5906024642162652,76873998.8275854
Heliconius_hecale,S4,1,17775623.658716153
Heliconius_melpomene,S1,0.927848482703901,22658936.523054805
Heliconius_melpomene,S2,1,17235654.345510893
Heliconius_melpomene,S3,1,9904780.396844542
Heliconius_melpomene,S4,1,19291068.166507583
Heliconius_pachinus,S2,1,77119.01893684389
Heliconius_pachinus,S3,1,98900.04370204429
Heliconius_pachinus,S4,1,98420.2132324913
Heliconius_sara,S1,0.8904133718212277,33169544.501170065
Heliconius_sara,S2,0.8772348653970081,30997494.452864494
Heliconius_sara,S3,0.9648893262376763,26918832.313671887
Heliconius_sara,S4,0.8998391710216146,36223565.935569465
Heliopetes_arsalte,S1,0.8149406071419598,49845820.75147547
Heliopetes_arsalte,S2,0.7817976836675993,47347291.31879682
Heliopetes_arsalte,S3,0.7875978378740208,50433104.70376746
Heliopetes_arsalte,S4,0.8078701715646227,50258998.6334416
Heliopetes_ericetorum,S1,0.2285486291074167,5627983.647033833
Heliopetes_ericetorum,S2,NA,2030065.7380620784
Heliopetes_ericetorum,S3,NA,5551470.767678795
Heliopetes_ericetorum,S4,0.5406057411950842,13767705.991410512
Heraclides_anchisiades,S1,0.7600206804951903,56908269.30876177
Heraclides_anchisiades,S2,0.7020331473937389,118147779.27755858
Heraclides_anchisiades,S3,0.7233022428397159,54156944.72053738
Heraclides_anchisiades,S4,0.7214802203251028,55307911.633114375
Heraclides_cresphontes,S1,0.7347097134284182,55112385.20761356
Heraclides_cresphontes,S2,0.38476666458361874,57361563.125486866
Heraclides_cresphontes,S3,0.6769252152754399,54116939.49159235
Heraclides_cresphontes,S4,0.44908352140086877,18061418.384687457
Heraclides_paeon,S1,1,6037724.717389761
Heraclides_paeon,S2,1,4542395.751773941
Heraclides_paeon,S3,1,3763826.725361584
Heraclides_paeon,S4,1,5060693.235545615
Heraclides_thoas,S1,0.7291409440681439,56546780.19382889
Heraclides_thoas,S2,0.5769240188162384,116660615.19014698
Heraclides_thoas,S3,0.6820386954772245,61149066.74654024
Heraclides_thoas,S4,0.6813029804305613,59590991.35811562
Heraclides_torquatus,S1,0.8989460909028004,33545193.658477455
Heraclides_torquatus,S2,0.9769933496254334,32581006.68497634
Heraclides_torquatus,S3,0.9719738401602119,23333164.547054507
Heraclides_torquatus,S4,0.9564200971624859,35564272.44402933
Hermeuptychia_hermes,S1,0.6529165361243969,63115073.250231974
Hermeuptychia_hermes,S2,0.6223468449080081,64191467.03023918
Hermeuptychia_hermes,S3,0.6681640666363158,62113446.03564559
Hermeuptychia_hermes,S4,0.7019995287356858,61571790.382149644
Hesperia_attalus,S2,NA,3584227.6185979727
Hesperia_attalus,S3,NA,3843621.136892874
Hesperia_leonardus,S2,NA,2705588.530206148
Hesperia_leonardus,S3,NA,5647399.646234768
Hesperia_ottoe,S2,NA,2479340.7902661427
Hesperia_ottoe,S3,NA,3832362.7875535167
Hesperia_uncas,S2,0.2257809677324021,16216615.342996586
Hesperia_uncas,S3,NA,2768211.0102817356
Heteronympha_merope,S1,0.6613927785821531,34703169.202454895
Heteronympha_merope,S2,0.7610026173845849,26474249.50887627
Heteronympha_merope,S3,NA,7433652.964115777
Heteronympha_merope,S4,NA,7830341.2919416865
Hipparchia_semele,S1,NA,6426938.453139486
Hipparchia_semele,S2,NA,8308591.809293336
Hipparchia_semele,S3,NA,10930868.181865517
Hipparchia_semele,S4,NA,7973445.16453668
Historis_odius,S1,0.9413989482594917,41930994.651617326
Historis_odius,S2,0.617217377672673,104407908.72994879
Historis_odius,S3,0.8106379191420511,55911593.31654524
Historis_odius,S4,0.8255137187436612,52047745.00967297
Hyalyris_coeno,S2,1,2919135.196113235
Hyalyris_coeno,S3,1,4348673.785881654
Hylephila_phyleus,S2,0.16069932592240674,3317425.9984295294
Hylephila_phyleus,S3,0.2620131179318708,9923653.885001209
Hypoleria_ocalea,S2,1,1641263.8077296775
Hypoleria_ocalea,S3,1,2003680.1246383972
Hypolimnas_bolina,S1,0.6857720209222598,287076575.4878977
Hypolimnas_bolina,S2,0.5432582866048135,363694958.86255777
Hypolimnas_bolina,S3,0.5587278748125837,354181105.4653004
Hypolimnas_bolina,S4,0.6457759823064007,306851386.0567862
Hypolimnas_misippus,S1,0.6889453410756686,142861324.4098541
Hypolimnas_misippus,S2,0.6960395145576929,198210386.66017708
Hypolimnas_misippus,S3,0.7196084322908989,180543424.96752128
Hypolimnas_misippus,S4,0.7291713721833561,179687189.33426258
Hypolimnas_salmacis,S1,1,6056523.881969721
Hypolimnas_salmacis,S2,1,7231251.057332936
Hypolimnas_salmacis,S3,1,7677164.047930956
Hypolimnas_salmacis,S4,1,6697111.798552886
Hypothyris_euclea,S1,0.9054724418182091,25218299.73881551
Hypothyris_euclea,S2,0.9263241645493381,33925533.90756605
Hypothyris_euclea,S3,0.9009256203674794,35136087.55314432
Hypothyris_euclea,S4,0.9532192510181247,28915600.885714907
Icaricia_acmon,S1,0.22398637261910823,6398939.252283841
Icaricia_acmon,S2,0.18825474710736814,7974480.052852842
Icaricia_acmon,S3,0.1646152746286701,47777159.301577695
Icaricia_acmon,S4,0.051433507942427056,3596520.603305121
Ideopsis_similis,S1,0.8251592824106805,14026203.961585341
Ideopsis_similis,S2,0.7939718064208908,16359706.865334095
Ideopsis_similis,S3,0.8053065352538448,16046631.169875572
Ideopsis_similis,S4,0.8410380357110092,14676355.652168792
Iphiclides_podalirius,S1,NA,11467309.657317763
Iphiclides_podalirius,S2,NA,25379369.81305453
Iphiclides_podalirius,S3,NA,21161152.10951075
Iphiclides_podalirius,S4,NA,10969817.398562087
Issoria_lathonia,S1,NA,25503326.297640268
Issoria_lathonia,S2,NA,30165411.568866402
Issoria_lathonia,S3,NA,33484277.086251475
Issoria_lathonia,S4,NA,16972416.943666667
Ithomia_agnosia,S1,0.9345423555801077,16728301.56871847
Ithomia_agnosia,S2,0.9200604283057948,19580140.614645783
Ithomia_agnosia,S3,0.9232685157792466,17540098.892253384
Ithomia_agnosia,S4,0.9702958337973928,16500230.075167876
Ithomia_iphianassa,S2,1,1315044.3088749852
Ithomia_iphianassa,S3,1,2050571.2919294324
Ixias_marianne,S1,0.6680908054934982,6247484.839378076
Ixias_marianne,S2,0.668334710496538,2844035.7454998847
Ixias_marianne,S3,0.6586586570131282,2985504.6195500423
Ixias_marianne,S4,0.7747264928730144,3977119.232140595
Ixias_pyrene,S1,0.7549490802483484,17116021.16990789
Ixias_pyrene,S2,0.8050772883061409,15942826.284254286
Ixias_pyrene,S3,0.6594735866884551,19333673.18033
Ixias_pyrene,S4,0.755601710968225,16611537.50611934
Jamides_bochus,S1,0.8008321700501004,26736099.813410725
Jamides_bochus,S2,0.8804091799548275,22434544.73118926
Jamides_bochus,S3,0.7947590468600821,27367724.004703358
Jamides_bochus,S4,0.811994634081771,25477168.603719924
Jamides_phaseli,S1,0.6959745781147338,5357537.947598718
Jamides_phaseli,S2,0.5929130834569563,6368512.17908625
Jamides_phaseli,S3,0.7145789557914388,5819550.762825243
Jamides_phaseli,S4,0.6920006543504815,5278790.175493153
Junonia_almana,S1,0.7653143419940516,30258084.206586007
Junonia_almana,S2,0.805679469039261,29727393.579905767
Junonia_almana,S3,0.795741220007552,29832862.055857956
Junonia_almana,S4,0.8075692237789626,26714413.982282776
Junonia_atlites,S1,0.8288626914762713,24341270.16272371
Junonia_atlites,S2,0.8006631617714003,26568426.15054396
Junonia_atlites,S3,0.8323963669482062,24934765.37136092
Junonia_atlites,S4,0.7972913206912161,26433088.650517266
Junonia_coenia,S1,0.33907618910062987,15451301.5866524
Junonia_coenia,S2,0.2755061895123276,21773048.302719407
Junonia_coenia,S3,0.30654185260111216,23175519.15982874
Junonia_coenia,S4,0.3278304526620773,16475668.592144247
Junonia_evarete,S1,0.7167694015836479,59509064.73501904
Junonia_evarete,S2,0.6925116532986619,65614628.100551836
Junonia_evarete,S3,0.7079714277157405,64892355.03966358
Junonia_evarete,S4,0.6645559227470283,67105623.23030083
Junonia_genoveva,S1,0.6727484435037121,60993593.409378886
Junonia_genoveva,S2,0.686970271362273,57197035.42418898
Junonia_genoveva,S3,0.6225939051278264,69679203.16056858
Junonia_genoveva,S4,0.6897211309476615,62083167.529059194
Junonia_hedonia,S1,0.9174752574261796,28185257.167839985
Junonia_hedonia,S2,0.8840357071651062,26892063.46166813
Junonia_hedonia,S3,1,28334512.398906544
Junonia_hedonia,S4,0.9349587445625935,30299385.381637417
Junonia_hierta,S1,0.7188363202198322,84650842.24374463
Junonia_hierta,S2,0.7195649949080405,99496726.70456094
Junonia_hierta,S3,0.7136936851785048,129301968.81637476
Junonia_hierta,S4,0.7194383775511752,100338735.74644442
Junonia_iphita,S1,0.8039457687648746,23535513.456283923
Junonia_iphita,S2,0.5930682094257146,78271744.18761045
Junonia_iphita,S3,0.8000434479289693,51113720.32569738
Junonia_iphita,S4,0.7874832196620094,25623342.799019992
Junonia_lemonias,S1,0.742601322192939,15447848.851386163
Junonia_lemonias,S2,0.7828117106048745,34093210.825865775
Junonia_lemonias,S3,0.6821598731469015,15245884.947423419
Junonia_lemonias,S4,0.7044257535918446,16561135.953271525
Junonia_oenone,S1,0.7898048952991596,43057223.49500122
Junonia_oenone,S2,0.7902771495996849,42677949.62794942
Junonia_oenone,S3,0.791852081837672,37725594.35933014
Junonia_oenone,S4,0.7940695202247491,44930977.62246385
Junonia_orithya,S1,0.6920949106273402,118932034.62852412
Junonia_orithya,S2,0.5906726148833208,145129927.2311011
Junonia_orithya,S3,0.6695418206197964,124317730.03491215
Junonia_orithya,S4,0.6696257722234107,140583496.83308816
Kallima_inachus,S1,0.6897382679973267,14491358.58614659
Kallima_inachus,S2,0.8066429186670343,102936414.01431942
Kallima_inachus,S3,0.6467369461862259,11395062.397319138
Kallima_inachus,S4,0.5386387396464991,12880053.227211468
Lachnoptera_ayresii,S2,1,288770.3804661876
Lachnoptera_ayresii,S3,0.7437874441172395,4320767.489628261
Lampides_boeticus,S1,0.5088169340146849,370165359.46535236
Lampides_boeticus,S2,0.5243561116943259,357858605.23208714
Lampides_boeticus,S3,0.5032425525731542,373759069.8759221
Lampides_boeticus,S4,0.5014745979327327,373814395.57250404
Lasiommata_megera,S1,NA,17745229.23504604
Lasiommata_megera,S2,NA,18984027.766945355
Lasiommata_megera,S3,NA,15571339.723022839
Lasiommata_megera,S4,NA,10463425.610692436
Leptotes_marina,S1,0.4721056386879162,8806887.157336622
Leptotes_marina,S2,0.6969703063599672,33881068.70740632
Leptotes_marina,S3,0.6223433029155093,19931107.170962505
Leptotes_marina,S4,0.4431309090755384,11198227.961186672
Leptotes_pirithous,S1,0.622509471281193,73708721.41924457
Leptotes_pirithous,S2,0.5882776454795996,170603506.3934755
Leptotes_pirithous,S3,0.5965529427665421,72401868.50837381
Leptotes_pirithous,S4,0.6034713897182367,74809148.75432444
Leptotes_plinius,S1,0.6844054791819615,67103705.067637265
Leptotes_plinius,S2,0.7214308391108503,64932927.76961843
Leptotes_plinius,S3,0.7168453186790814,65970504.51923008
Leptotes_plinius,S4,0.72588983067618,64405937.35047185
Lerodea_eufala,S1,0.6466973458567881,65861190.64835363
Lerodea_eufala,S2,0.6251772997022476,78455281.68006621
Lerodea_eufala,S3,0.6340589615791316,63425700.57202356
Lerodea_eufala,S4,0.6148168430624484,69316422.94953588
Libythea_celtis,S1,NA,16636267.609620074
Libythea_celtis,S2,0.023873052837235013,38339955.561901316
Libythea_celtis,S3,0.0201240638780881,44527495.316189095
Libythea_celtis,S4,NA,2016219.134073488
Libythea_labdaca,S2,1,5237522.026616132
Libythea_labdaca,S3,1,14115923.790861761
Libythea_laius,S2,1,19666734.54170841
Libythea_laius,S3,0.8654995095132559,24604993.758991435
Libythea_lepita,S1,0.4604370416898951,19293805.371898226
Libythea_lepita,S2,0.46502194631707694,23467988.174829617
Libythea_lepita,S3,0.12551626290952617,11470911.114443269
Libythea_lepita,S4,0.471747053374888,19647029.319836743
Libythea_myrrha,S1,0.8848222832068263,19005679.064651377
Libythea_myrrha,S2,0.7914114151122037,23995042.111062504
Libythea_myrrha,S3,0.770546782896927,25225960.82230755
Libythea_myrrha,S4,0.7507700188638946,15106906.225095846
Limenitis_archippus,S1,0.2515690978577956,13531254.484236328
Limenitis_archippus,S2,0.22400857708397492,20760741.15789946
Limenitis_archippus,S3,0.2621585903179271,18387997.90998097
Limenitis_archippus,S4,0.2560702223220226,16404291.841650682
Lycaena_helloides,S2,NA,12223111.345743695
Lycaena_helloides,S3,NA,10357013.214599162
Lycaena_hippothoe,S1,NA,9186434.050013788
Lycaena_hippothoe,S2,NA,28370686.70641179
Lycaena_hippothoe,S3,NA,6812884.243814327
Lycaena_hippothoe,S4,NA,5982896.70016735
Lycaena_phlaeas,S1,0.5431160906627188,237055070.71922785
Lycaena_phlaeas,S2,0.44170828055238665,249183363.51656672
Lycaena_phlaeas,S3,0.4573943808547493,225424831.4675536
Lycaena_phlaeas,S4,0.4647905292808712,172764660.8125455
Lycaena_rubidus,S2,NA,3280337.334636632
Lycaena_rubidus,S3,NA,2118122.2970996494
Lycorea_ilione,S1,0.942241973661566,28990032.470970534
Lycorea_ilione,S2,0.9140626420356583,30930659.95462693
Lycorea_ilione,S3,0.9158340644137383,29302174.070280805
Lycorea_ilione,S4,0.8474800876348051,35237454.00864157
Manataria_hercyna,S1,0.7409087829811289,49297279.948582985
Manataria_hercyna,S2,0.8809897226603675,20969166.491596993
Manataria_hercyna,S3,0.8085540392655415,30467792.199361276
Manataria_hercyna,S4,0.7101188949834489,47903702.877054535
Maniola_jurtina,S1,NA,15648055.709326636
Maniola_jurtina,S2,NA,28455515.20379012
Maniola_jurtina,S3,NA,29996792.85064756
Maniola_jurtina,S4,NA,7862915.0532660065
Marpesia_berania,S1,1,8812894.65775227
Marpesia_berania,S2,1,12073991.13462339
Marpesia_berania,S3,1,14654301.152716912
Marpesia_berania,S4,1,9138060.4328459315
Marpesia_chiron,S1,0.7692607423511791,55140645.178852305
Marpesia_chiron,S2,0.7175627387500797,62616879.13168816
Marpesia_chiron,S3,0.7718156905843365,54316794.348897085
Marpesia_chiron,S4,0.8281304424871306,47295866.41643059
Marpesia_furcula,S1,1,5310487.910917851
Marpesia_furcula,S2,1,9574625.7095344
Marpesia_furcula,S3,1,4303868.223492034
Marpesia_furcula,S4,1,5891042.735989813
Marpesia_marcella,S1,1,2638388.959594846
Marpesia_marcella,S2,1,3806185.327148686
Marpesia_marcella,S3,1,2975184.1934500975
Marpesia_marcella,S4,1,4927230.160026
Marpesia_merops,S1,1,2554269.2720017554
Marpesia_merops,S2,1,2691191.948657076
Marpesia_merops,S3,1,2904985.93336617
Marpesia_merops,S4,1,2660758.375134936
Marpesia_petreus,S1,0.7384294816849891,54843059.5963853
Marpesia_petreus,S2,0.722761977584526,59271273.65497989
Marpesia_petreus,S3,0.6842844817419591,62172045.82594278
Marpesia_petreus,S4,0.777421626060303,52616102.870086215
Mechanitis_menapis,S1,1,7232953.242322761
Mechanitis_menapis,S2,1,7442804.402108203
Mechanitis_menapis,S3,1,7140331.131362347
Mechanitis_menapis,S4,1,7761759.8925607465
Melanitis_leda,S1,0.7369017172449281,133857511.94973382
Melanitis_leda,S2,0.7568293789251264,261374002.05445296
Melanitis_leda,S3,0.7334479478271084,268237013.365629
Melanitis_leda,S4,0.7327919511829223,249379258.21741542
Melinaea_lilis,S1,1,13959856.115712307
Melinaea_lilis,S2,1,13360748.80654468
Melinaea_lilis,S3,1,13291942.035437543
Melinaea_lilis,S4,1,14407889.894202948
Melitaea_athalia,S1,NA,6181528.173336957
Melitaea_athalia,S2,NA,38293493.23603145
Melitaea_athalia,S3,NA,10342918.986333067
Melitaea_athalia,S4,NA,6510459.7508701375
Melitaea_cinxia,S1,NA,9813228.131041083
Melitaea_cinxia,S2,NA,35822123.599021874
Melitaea_cinxia,S3,NA,10069495.820173994
Melitaea_cinxia,S4,NA,4697889.961786051
Mimoides_phaon,S1,0.9503912304930912,6203379.331623358
Mimoides_phaon,S2,0.6564777902378267,2088319.2938641785
Mimoides_phaon,S3,0.7287280194870905,9018021.705336172
Mimoides_phaon,S4,0.9798359016241173,6247952.140639934
Moduza_procris,S1,0.820917704689051,22014450.41146601
Moduza_procris,S2,0.8801191876368265,24295739.48630436
Moduza_procris,S3,0.8659291293340254,22112271.297477677
Moduza_procris,S4,0.7917967741939824,22283487.16348629
Morpho_achilles,S1,1,22354604.335589617
Morpho_achilles,S2,1,20882546.853564464
Morpho_achilles,S3,0.9127629733609748,35848543.76395505
Morpho_achilles,S4,0.954336788312277,26073505.13957003
Mycalesis_mineus,S1,0.8795461950282165,20947309.31377555
Mycalesis_mineus,S2,0.7508279647035754,17681637.955078583
Mycalesis_mineus,S3,0.7948686108537064,26086047.402602892
Mycalesis_mineus,S4,0.8852427037315371,23715447.438709155
Mycalesis_patnia,S1,1,866797.2221028366
Mycalesis_patnia,S2,1,779832.137802193
Mycalesis_patnia,S3,1,933558.4489438982
Mycalesis_patnia,S4,1,938253.8755144111
Mycalesis_perseus,S1,0.925140193816121,44020764.48876738
Mycalesis_perseus,S2,0.821580522771682,54082971.61046674
Mycalesis_perseus,S3,0.9101394277492211,46523982.607590206
Mycalesis_perseus,S4,0.9199016616942944,43815024.241784036
Mylothris_chloris,S1,1,13745505.800017733
Mylothris_chloris,S2,1,12274646.223601913
Mylothris_chloris,S3,1,19213281.590927523
Mylothris_chloris,S4,1,11816797.484961243
Mylothris_rueppellii,S1,0.8841038330192851,3906463.8551437077
Mylothris_rueppellii,S2,0.8291833192303976,6181709.92978606
Mylothris_rueppellii,S3,0.8455705248512272,6820342.023958609
Mylothris_rueppellii,S4,0.7037620370392046,8323785.775894305
Myscelia_cyananthe,S1,0.4117659440750306,4855034.786097449
Myscelia_cyananthe,S2,0.47809104993119805,5149724.131095048
Myscelia_cyananthe,S3,0.43296695790718265,5476723.848649322
Myscelia_cyananthe,S4,0.4877553017910521,4050088.1888151164
Myscelia_ethusa,S1,0.7909346004422496,4585236.960894727
Myscelia_ethusa,S2,0.7782949994942182,3997036.704769387
Myscelia_ethusa,S3,0.5878128904311615,5762574.842775677
Myscelia_ethusa,S4,0.7528012158122762,4350056.792302009
Nacaduba_beroe,S1,0.8322369359343974,17413374.91503784
Nacaduba_beroe,S2,0.9616570419300916,9057575.368757745
Nacaduba_beroe,S3,0.796044501646216,18711995.16823963
Nacaduba_beroe,S4,0.8923922894277554,20025366.409424286
Nacaduba_calauria,S1,1,12057189.479361597
Nacaduba_calauria,S2,1,141580.9815853444
Nacaduba_calauria,S3,1,5104616.386802509
Nacaduba_kurava,S1,0.8047553627353093,56828981.80163097
Nacaduba_kurava,S2,0.8078925112609399,56522612.50026442
Nacaduba_kurava,S3,0.7995965973052865,67491862.49319153
Nacaduba_kurava,S4,0.8374891669107734,54454626.379975714
Nathalis_iole,S1,0.4374557993194222,15219381.277034665
Nathalis_iole,S2,0.3803596747767399,15527919.723105172
Nathalis_iole,S3,0.4396213875326367,13880133.471461942
Nathalis_iole,S4,0.45871699871673466,12067730.398478638
Neopithecops_zalmora,S1,0.8130043623647977,16358026.316858135
Neopithecops_zalmora,S2,0.9219321483223825,20471267.424354535
Neopithecops_zalmora,S3,0.8291200137830625,23054462.653158136
Neopithecops_zalmora,S4,0.8398533014793724,22837825.238235805
Nepheronia_argia,S1,0.79232859495965,20593711.95519504
Nepheronia_argia,S2,0.8501596965599283,20098606.14003221
Nepheronia_argia,S3,0.8269935472330155,20753232.046818737
Nepheronia_argia,S4,0.9505416804638963,18825839.588531088
Nepheronia_thalassina,S2,0.9976040532211945,16349608.792089043
Nepheronia_thalassina,S3,1,6390952.467712746
Neptis_hylas,S1,0.6329875624366679,67038956.53421239
Neptis_hylas,S2,0.6245338630563032,69242724.02458882
Neptis_hylas,S3,0.6317148419816523,69100300.79658172
Neptis_hylas,S4,0.8011951966439378,27387216.38667424
Neptis_jumbah,S1,0.9796017361992844,5480683.71669899
Neptis_jumbah,S2,0.9803029773821591,7189190.326367361
Neptis_jumbah,S3,0.7958639064867075,4992681.926634254
Neptis_jumbah,S4,0.8723946171209741,6202731.663842907
Nymphalis_antiopa,S1,0.24162529293835797,132667869.90099773
Nymphalis_antiopa,S2,0.23367616001431118,153209022.84332713
Nymphalis_antiopa,S3,0.21167710407937992,145224159.96062496
Nymphalis_antiopa,S4,0.1989725243210376,87097023.9416509
Nymphalis_californica,S1,NA,3182238.3077103877
Nymphalis_californica,S2,NA,7827333.991842265
Nymphalis_californica,S3,NA,9783959.420488404
Nymphalis_californica,S4,NA,3955500.852035958
Nymphalis_polychloros,S1,NA,15458548.954361415
Nymphalis_polychloros,S2,NA,34170097.580613874
Nymphalis_polychloros,S3,NA,23686189.179199614
Nymphalis_polychloros,S4,NA,9512920.319113553
Nymphalis_xanthomelas,S1,0.029610935126701085,55947439.91561966
Nymphalis_xanthomelas,S2,0.0025316195532168323,60945692.03276231
Nymphalis_xanthomelas,S3,NA,44228232.9041475
Nymphalis_xanthomelas,S4,NA,35431171.11483625
Oleria_makrena,S1,1,945566.3016428599
Oleria_makrena,S2,1,2637834.471858902
Oleria_makrena,S3,1,3315266.196039047
Oleria_makrena,S4,1,1789742.309861651
Pachliopta_aristolochiae,S1,0.7272446171004526,20182088.557504095
Pachliopta_aristolochiae,S2,0.5044689038509985,61927863.4850652
Pachliopta_aristolochiae,S3,0.7254874041367035,20344632.07923384
Pachliopta_aristolochiae,S4,0.8625020059724794,20874569.200607162
Pachliopta_hector,S1,1,2511889.7670735237
Pachliopta_hector,S2,0.9885256344992167,1856746.6146611387
Pachliopta_hector,S3,0.8498048081709019,4412292.665477244
Pachliopta_hector,S4,0.9806144264707054,3286867.946552216
Pagyris_cymothoe,S2,1,1133892.1317422672
Pagyris_cymothoe,S3,1,3258065.581818201
Panoquina_ocola,S1,0.6996263876011445,46852668.95419672
Panoquina_ocola,S2,0.6694268968596166,42085761.40079256
Panoquina_ocola,S3,0.45415695623458524,17696883.86227718
Panoquina_ocola,S4,0.6496560612354965,48176509.25327739
Papilio_aegeus,S1,0.6796596358808409,19409054.11506479
Papilio_aegeus,S2,0.5599673171335549,141533293.41635123
Papilio_aegeus,S3,0.6752636508679494,22963392.111996155
Papilio_aegeus,S4,0.6804622455826737,19511961.12074524
Papilio_crino,S1,0.9583219978836176,4008270.7526364406
Papilio_crino,S2,0.9817581823689494,2364316.56469937
Papilio_crino,S3,0.9653937004556112,2643368.8479124387
Papilio_crino,S4,0.9515164504456729,2418473.026554552
Papilio_dardanus,S1,0.7865508145923392,34086442.332091734
Papilio_dardanus,S2,0.586004543058659,57625008.51925536
Papilio_dardanus,S3,0.7560376400644634,26297722.559413046
Papilio_dardanus,S4,0.7638599828175079,31138688.77843374
Papilio_demodocus,S1,0.795479750579726,82632865.75931507
Papilio_demodocus,S2,0.5673708252723165,70575608.90630426
Papilio_demodocus,S3,0.5656166179743621,77379446.95899078
Papilio_demodocus,S4,0.7978962355171465,79723151.83079205
Papilio_demoleus,S1,0.6551213598915919,233773951.1394294
Papilio_demoleus,S2,0.6611684273418367,228922178.97836655
Papilio_demoleus,S3,0.5645347665892835,230832353.34504163
Papilio_demoleus,S4,0.6439578697404822,204777029.4001285
Papilio_fuscus,S1,0.7971892497420654,10860852.62609293
Papilio_fuscus,S2,0.9011753586163959,33862945.71360821
Papilio_fuscus,S3,0.8424873234541429,18013005.835450854
Papilio_fuscus,S4,0.7783491709393537,8630485.324807866
Papilio_helenus,S1,0.7507590586453271,34170509.0928227
Papilio_helenus,S2,0.717015774716911,37618954.558996946
Papilio_helenus,S3,0.7323595810414314,36088690.28110566
Papilio_helenus,S4,0.869184679099021,24583222.241112042
Papilio_machaon,S1,0.18006864585750088,140755772.04081762
Papilio_machaon,S2,NA,121350068.23747008
Papilio_machaon,S3,0.19016628223444784,140421500.70833346
Papilio_machaon,S4,0.003684589236421277,109235800.62640998
Papilio_memnon,S1,0.8175981447696368,20879949.91022087
Papilio_memnon,S2,0.7430509044344192,33534539.357121073
Papilio_memnon,S3,0.7200555250670871,54066606.9375425
Papilio_memnon,S4,0.8663591819080697,17980309.912213992
Papilio_polymnestor,S1,0.8781763386504077,3502972.092658166
Papilio_polymnestor,S2,0.9192599790401348,4400370.281607573
Papilio_polymnestor,S3,0.8524801003065079,3530578.0522715994
Papilio_polymnestor,S4,0.8609111947582451,3812649.377748942
Papilio_polytes,S1,0.8068675121785251,36156275.17784947
Papilio_polytes,S2,0.7255667089440212,38270734.288067505
Papilio_polytes,S3,0.7746633585792115,36760460.16988649
Papilio_polytes,S4,0.5846407342256349,104396794.45008071
Papilio_polyxenes,S1,0.6216768718010863,33110291.322893206
Papilio_polyxenes,S2,0.5929436813107735,31651347.84183259
Papilio_polyxenes,S3,0.6321414633294596,32476908.943539843
Papilio_polyxenes,S4,0.5579075833137516,25738349.44099024
Papilio_ulysses,S1,1,1844462.0164568808
Papilio_ulysses,S2,1,6295853.200604741
Papilio_ulysses,S3,1,6926662.555778072
Papilio_ulysses,S4,1,5983724.336460293
Papilio_xuthus,S1,0.19698815263957953,83609753.38562468
Papilio_xuthus,S2,0.16496551786293115,99755532.96730477
Papilio_xuthus,S3,0.47087066845613307,129650151.57990672
Papilio_xuthus,S4,0.6503233632286091,290491689.2687095
Parantica_aglea,S1,0.8162892868953576,23878213.854707602
Parantica_aglea,S2,0.7201036134776545,14139513.581671758
Parantica_aglea,S3,0.7959485350522618,23557042.95106977
Parantica_aglea,S4,0.7767446131872181,22338850.255098596
Parantica_melaneus,S1,0.8192740868170051,10162445.171908977
Parantica_melaneus,S2,0.7988755897201097,9808797.656939857
Parantica_melaneus,S3,0.7776648666105629,11180570.196041094
Parantica_melaneus,S4,0.8454421288212914,9464781.803070888
Parantica_sita,S1,0.6431760141369396,23940707.482576374
Parantica_sita,S2,0.6248352758601045,25357398.439819805
Parantica_sita,S3,0.5460717347287602,29423131.18373721
Parantica_sita,S4,0.6418114353939517,23523904.338609073
Pararge_aegeria,S1,NA,17980366.179472983
Pararge_aegeria,S2,NA,21011241.06653358
Pararge_aegeria,S3,NA,19602623.967892777
Pararge_aegeria,S4,NA,17300442.557270285
Pareronia_valeria,S1,0.930973358700474,15186020.118218504
Pareronia_valeria,S2,1,3314656.019934674
Pareronia_valeria,S3,1,13864553.853777092
Pareronia_valeria,S4,1,6348836.716068616
Parides_anchises,S1,0.8416744548225847,17140396.46865203
Parides_anchises,S2,0.9135945968924248,16829929.264137488
Parides_anchises,S3,0.8520139206645313,18437139.5451491
Parides_anchises,S4,0.8447611806953107,17178252.071962524
Parides_erithalion,S1,0.8862373152255825,26745911.64448798
Parides_erithalion,S2,0.8955186385021581,25370077.932804357
Parides_erithalion,S3,0.9282378122775499,25420270.77686684
Parides_erithalion,S4,0.9272914186839181,36408765.13421893
Parides_sesostris,S1,0.9053611553204893,30525777.91060853
Parides_sesostris,S2,1,16935843.32387622
Parides_sesostris,S3,1,28095518.672538806
Parides_sesostris,S4,1,13211823.954148768
Parnara_guttatus,S1,0.7896229641721394,26679086.62062912
Parnara_guttatus,S2,0.11083887034400203,12113848.337908262
Parnara_guttatus,S3,0.6432394768675895,42187450.53569199
Parnara_guttatus,S4,0.710637702318047,33445919.67158016
Parnassius_apollo,S1,NA,10266183.904632736
Parnassius_apollo,S2,NA,25028963.200397518
Parnassius_apollo,S3,NA,26491056.79982034
Parnassius_apollo,S4,NA,5286834.4558446035
Parnassius_mnemosyne,S1,NA,7085641.789221831
Parnassius_mnemosyne,S2,NA,17830736.143845785
Parnassius_mnemosyne,S3,NA,16657728.682774168
Parnassius_mnemosyne,S4,NA,6957959.441610208
Parnassius_smintheus,S2,NA,8605341.81871878
Parnassius_smintheus,S3,NA,3379951.99046823
Pelopidas_agna,S1,0.8828118680112973,48122831.80366791
Pelopidas_agna,S2,0.8414283370559652,53468171.98734705
Pelopidas_agna,S3,0.8126880366598164,56245444.36966293
Pelopidas_agna,S4,0.6924994668196947,66452277.89986334
Pelopidas_mathias,S1,0.7733319511249638,75320898.50058278
Pelopidas_mathias,S2,0.7266509980365828,108644380.65515503
Pelopidas_mathias,S3,0.6810181915063521,130251443.26994646
Pelopidas_mathias,S4,0.6633404084758582,45528539.607834384
Pelopidas_thrax,S1,0.6781638818800418,16193551.345172513
Pelopidas_thrax,S2,0.7479047243848568,17704222.441915575
Pelopidas_thrax,S3,0.6513020378596237,13876199.531130126
Pelopidas_thrax,S4,0.7158130572482602,29202224.3052416
Phalanta_phalantha,S1,0.7285576885426321,111049094.60443628
Phalanta_phalantha,S2,0.6552439128862401,209385423.30786583
Phalanta_phalantha,S3,0.6415633275524174,116121575.97647247
Phalanta_phalantha,S4,0.7539702797251138,125501859.42373882
Philaethria_dido,S1,0.8990191881671808,33633545.1637269
Philaethria_dido,S2,0.8597330237312477,37018261.549816795
Philaethria_dido,S3,0.9419565045493516,34094225.363589175
Philaethria_dido,S4,0.9402152190687426,31058403.516465437
Phoebis_agarithe,S1,0.7333209975384252,63374756.36287459
Phoebis_agarithe,S2,0.6547742209546585,52129296.07340988
Phoebis_agarithe,S3,0.6304587656256874,41719288.631761424
Phoebis_agarithe,S4,0.7774687408183666,73866986.79465728
Phoebis_argante,S1,0.8338934347334334,47799009.681265496
Phoebis_argante,S2,0.8284264193168933,46873827.44778286
Phoebis_argante,S3,0.764312808103187,56777747.751554295
Phoebis_argante,S4,0.8159583251665772,47736073.92743328
Phoebis_neocypris,S1,0.8022349398190884,45344997.51599357
Phoebis_neocypris,S2,0.8073643496334062,44374859.89319837
Phoebis_neocypris,S3,0.6873875273560722,53521812.95795278
Phoebis_neocypris,S4,0.8041528542904172,44040127.81639714
Phoebis_philea,S1,0.7455052468330524,61284448.820579976
Phoebis_philea,S2,0.6166546739044997,115386261.61768362
Phoebis_philea,S3,0.6617955967299771,67299270.74973784
Phoebis_philea,S4,0.7130923396965781,61370883.62507786
Phoebis_sennae,S1,0.6250145222993204,74854584.06915233
Phoebis_sennae,S2,0.617777095367592,76992397.3549338
Phoebis_sennae,S3,0.6436909321321058,75426550.07685192
Phoebis_sennae,S4,0.6269769091238998,76433027.8344166
Pholisora_catullus,S1,0.19290206473774166,15539799.97689052
Pholisora_catullus,S2,0.19629352069953723,14963127.498113716
Pholisora_catullus,S3,0.245310943481971,20519342.58263579
Pholisora_catullus,S4,0.05189218373233176,4449720.5338708535
Phyciodes_picta,S1,0.3639980695837433,4277191.867473298
Phyciodes_picta,S2,0.3626169875137436,5230971.302520713
Phyciodes_picta,S3,0.3977792372096214,5684358.923531658
Phyciodes_picta,S4,0.3332991471494156,3272679.790033376
Pieris_brassicae,S1,0.5040703734397384,210468016.78373682
Pieris_brassicae,S2,0.5248300568057724,260913956.1854813
Pieris_brassicae,S3,0.5167195488477406,274059123.62803173
Pieris_brassicae,S4,0.5182541805910519,128714730.99887814
Pieris_canidia,S1,0.6021344247560372,26308059.932049416
Pieris_canidia,S2,0.6020380221324951,28805960.326658484
Pieris_canidia,S3,0.5124121572324044,63385639.727195956
Pieris_canidia,S4,0.642499864882603,22734263.913816247
Pieris_melete,S1,NA,1181079.7909795477
Pieris_melete,S2,NA,11830339.22330032
Pieris_melete,S3,NA,14148163.234062815
Pieris_melete,S4,NA,6929395.036834199
Pieris_napi,S1,0.10615576793057134,112463071.5075889
Pieris_napi,S2,NA,103875254.83915077
Pieris_napi,S3,0.4114622816392892,441602583.01860553
Pieris_napi,S4,NA,53183463.59899832
Pieris_rapae,S1,0.4865788559588484,411446629.6341431
Pieris_rapae,S2,0.49248086544125125,385671384.6847353
Pieris_rapae,S3,0.4929284130234308,385017310.14720666
Pieris_rapae,S4,0.4777646396321723,418756362.9363352
Polygonia_c-album,S1,0.0053794740265904455,57358659.01362042
Polygonia_c-album,S2,0.03222914163254867,57994003.864432275
Polygonia_c-album,S3,0.0038388589722481866,108697325.93897882
Polygonia_c-album,S4,NA,33028667.639905505
Polygonia_comma,S1,NA,7660607.926679942
Polygonia_comma,S2,NA,6627680.288091447
Polygonia_comma,S3,NA,7681473.398851462
Polygonia_comma,S4,NA,5000552.100090402
Polygonia_interrogationis,S1,0.2812326897143347,10088533.411012292
Polygonia_interrogationis,S2,0.2345072230830584,15829216.896900054
Polygonia_interrogationis,S3,0.248871468834359,13876924.312408023
Polygonia_interrogationis,S4,0.25799633555699397,10933046.444376756
Polygonia_progne,S1,NA,11352973.93081931
Polygonia_progne,S2,NA,16233272.234635659
Polygonia_progne,S3,NA,13643685.332252344
Polygonia_progne,S4,NA,362872.11541956686
Polygonus_leo,S1,0.8110785166460112,40545206.42655223
Polygonus_leo,S2,0.783381903441491,47568777.19039975
Polygonus_leo,S3,0.7618128133939733,55274834.18355653
Polygonus_leo,S4,0.7342027615755394,49446362.18682997
Polyommatus_icarus,S1,NA,6886982.96242668
Polyommatus_icarus,S2,NA,7016084.919694274
Polyommatus_icarus,S3,NA,7124296.38320927
Polyommatus_icarus,S4,NA,3160392.030165481
Pontia_chloridice,S2,NA,22234100.40039109
Pontia_chloridice,S3,NA,19194294.55709394
Pontia_daplidice,S1,0.3988463129600337,53283801.982000925
Pontia_daplidice,S2,0.3471844762086871,68562132.66430105
Pontia_daplidice,S3,0.5518108625232718,139143276.95791745
Pontia_daplidice,S4,0.38951812974828853,27580523.64327167
Pontia_edusa,S1,0.1541780272611178,37526001.06684983
Pontia_edusa,S2,NA,45709739.031676695
Pontia_edusa,S3,NA,39619823.268409595
Pontia_edusa,S4,NA,10793498.48642708
Pontia_glauconome,S1,0.48162758044451603,14831118.984622175
Pontia_glauconome,S2,NA,8052634.909812474
Pontia_glauconome,S3,0.3668167060856382,23980105.328014594
Pontia_glauconome,S4,0.44671692828181836,16218125.306311429
Pontia_helice,S1,0.7126234097119173,7926377.03724718
Pontia_helice,S2,0.7159643011890184,7952473.595880935
Pontia_helice,S3,0.32275487281676574,2237275.9026181097
Pontia_helice,S4,0.7367604153428655,8299294.475642819
Pontia_occidentalis,S1,NA,21005982.73374955
Pontia_occidentalis,S2,NA,111113346.78845829
Pontia_occidentalis,S3,0.13203903935115108,30216509.33371273
Pontia_occidentalis,S4,NA,2209694.6701321076
Pontia_protodice,S1,0.33391166967820335,15676234.001494447
Pontia_protodice,S2,0.3493282481552446,16107061.380786248
Pontia_protodice,S3,0.2733935381658786,31148480.939333815
Pontia_protodice,S4,0.3886235820996509,11130978.36515911
Prolibythea_carinenta,S1,0.6285256412566066,67773993.81346452
Prolibythea_carinenta,S2,0.5945307860785302,74056405.84194158
Prolibythea_carinenta,S3,0.6874392856832889,60218089.054449
Prolibythea_carinenta,S4,0.6446931108226276,70661146.52116925
Prosotas_dubiosa,S1,0.77671344672459,58420373.87114993
Prosotas_dubiosa,S2,0.8111192908418854,55909147.56666418
Prosotas_dubiosa,S3,0.802118983292431,61888169.73583141
Prosotas_dubiosa,S4,0.8285300245562869,54928882.3733179
Protesilaus_protesilaus,S2,1,5391933.618505573
Protesilaus_protesilaus,S3,0.9146383143723704,29427844.80930376
Protographium_leosthenes,S1,0.6769419131074709,4483542.608681176
Protographium_leosthenes,S3,0.6214816286033518,4791882.50057781
Protographium_leosthenes,S4,0.5851945657491296,5020575.248836496
Pseudolycaena_marsyas,S1,0.8378572840895826,22437689.758807983
Pseudolycaena_marsyas,S2,0.8503750832748945,24553394.89304269
Pseudolycaena_marsyas,S3,0.8689725140478124,21299142.57280221
Pseudolycaena_marsyas,S4,0.8944098244636642,26017232.27458517
Psychonotis_caelius,S1,0.6373491384923284,4295421.30630154
Psychonotis_caelius,S2,0.7069070761013535,9799564.205188254
Psychonotis_caelius,S3,0.7068222560363765,9838435.423726631
Psychonotis_caelius,S4,0.7129465554338006,9829817.887695124
Pteronymia_aletta,S3,1,2659262.790913287
Pteronymia_artena,S1,1,5386035.700644295
Pteronymia_artena,S3,1,15870536.499391379
Pteronymia_artena,S4,1,15349360.073604537
Pteronymia_veia,S3,1,953184.7873805286
Pterourus_menatius,S1,0.8665537985196942,36884806.05666159
Pterourus_menatius,S2,0.8815892714927632,21296069.638139382
Pterourus_menatius,S3,0.8676681045794059,35452794.84008397
Pterourus_menatius,S4,0.933797637017954,20329104.49449103
Pterourus_troilus,S1,NA,22236292.924082436
Pterourus_troilus,S2,0.49739864492459035,13621340.289824503
Pterourus_troilus,S3,NA,5673285.4121140195
Pterourus_troilus,S4,NA,4584840.791335926
Pyrgus_communis,S1,0.5588125457700343,20115835.736153882
Pyrgus_communis,S2,0.5786000839311601,29004397.00525234
Pyrgus_communis,S3,0.4305340010683892,37037211.83265608
Pyrgus_communis,S4,0.7390545143356164,53064425.24923525
Pyrgus_malvae,S1,NA,11789060.855644105
Pyrgus_malvae,S2,NA,28587523.174498122
Pyrgus_malvae,S3,NA,7501171.451740161
Pyrgus_malvae,S4,NA,5693778.959467535
Pyrgus_scriptura,S1,NA,1542397.374488886
Pyrgus_scriptura,S2,NA,3342255.0193757145
Pyrgus_scriptura,S3,NA,3682642.946451448
Pyrgus_scriptura,S4,NA,447734.4812589421
Pyrisitia_lisa,S1,0.329018706745134,10925293.672441028
Pyrisitia_lisa,S2,0.26756812190229445,11449849.854607075
Pyrisitia_lisa,S3,0.3124345744593169,10962991.948886672
Pyrisitia_lisa,S4,0.3784877055961598,44974794.989900254
Pyronia_tithonus,S1,NA,3998399.29213984
Pyronia_tithonus,S2,NA,13021323.528986836
Pyronia_tithonus,S3,NA,6696677.543871992
Pyronia_tithonus,S4,NA,2227312.320902761
Rapala_manea,S1,0.7316622001525094,15787881.0977438
Rapala_manea,S2,0.821215200463556,21797788.11785202
Rapala_manea,S3,0.7560490959380476,20682824.457834836
Rapala_manea,S4,0.7697570725416,20684077.9088819
Rhabdodryas_trite,S1,0.7805676910561314,48478210.66774115
Rhabdodryas_trite,S2,0.8686589444909599,38763621.11872607
Rhabdodryas_trite,S3,0.8706945753793418,37377001.321437
Rhabdodryas_trite,S4,0.900546950223215,43394397.39621488
Salamis_cacta,S3,1,3886619.0583500355
Sarangesa_dasahara,S1,0.8120833654523425,7295156.832881742
Sarangesa_dasahara,S2,0.7844908792815715,7968723.541340473
Sarangesa_dasahara,S3,0.6504062555446972,7925605.372661605
Sarangesa_dasahara,S4,0.7098430789488797,8728754.854304034
Siproeta_stelenes,S1,0.7353594885897005,59956797.89649234
Siproeta_stelenes,S2,0.6786914369036952,115199367.56947646
Siproeta_stelenes,S3,0.5998307456658108,109329105.17343251
Siproeta_stelenes,S4,0.7140438598461614,57996780.102986805
Smyrna_blomfildia,S1,0.858890700939655,43812657.15370911
Smyrna_blomfildia,S2,0.8241059031452188,40972042.892410226
Smyrna_blomfildia,S3,0.7805880488073988,49855443.51115752
Smyrna_blomfildia,S4,0.7831588885268245,54261973.184900224
Smyrna_karwinskii,S1,1,2606299.773325874
Smyrna_karwinskii,S3,1,946455.2996460499
Smyrna_karwinskii,S4,1,1688861.657533723
Strymon_melinus,S1,0.7051451796925348,65947104.36806219
Strymon_melinus,S2,0.5880253386643535,33385305.028241165
Strymon_melinus,S3,0.4893531795276082,39340593.53253758
Strymon_melinus,S4,0.49377091774096943,28344784.020144038
Symphaedra_nais,S1,0.9400767720908701,2300239.071089066
Symphaedra_nais,S2,0.8826215607417711,3309379.926224917
Symphaedra_nais,S3,0.7215978033236482,4087218.7162424405
Symphaedra_nais,S4,0.6517290538582231,3477296.8549527386
Tagiades_japetus,S1,0.8919950296899994,47477544.36530227
Tagiades_japetus,S2,0.9216202698711815,42399978.49925665
Tagiades_japetus,S3,0.9074458040518147,41654378.73771415
Tagiades_japetus,S4,0.9184856323491268,39294685.418080054
Tagiades_litigiosa,S1,0.870971551397958,20074176.616676133
Tagiades_litigiosa,S2,0.8374749357754414,19516300.470605094
Tagiades_litigiosa,S3,0.8268228654643337,13676685.33718525
Tagiades_litigiosa,S4,0.859269060011694,14214131.89786012
Taractrocera_ceramas,S1,1,7464543.548329929
Taractrocera_ceramas,S2,1,7737688.343308279
Taractrocera_ceramas,S3,1,7564058.717324849
Tarucus_theophrastus,S1,0.4576190924991103,26570861.20698897
Tarucus_theophrastus,S2,0.4941475131716579,15614383.206968969
Tarucus_theophrastus,S3,0.4796947126750589,29793735.034977626
Theclinesthes_onycha,S1,0.3794772748240585,2008640.3512497554
Theclinesthes_onycha,S2,0.7283936950228475,2451128.2148534567
Theclinesthes_onycha,S3,0.5583997820271006,3290352.1409068517
Theclinesthes_onycha,S4,0.5583490579377614,3078504.7306139637
Thymelicus_lineola,S1,NA,36900072.74376711
Thymelicus_lineola,S2,NA,76689068.92204109
Thymelicus_lineola,S3,NA,64174298.560178645
Thymelicus_lineola,S4,NA,19679968.418524448
Thyridia_psidii,S1,0.9179054712327694,25710644.170128476
Thyridia_psidii,S2,0.9059753637649579,26594422.12376005
Thyridia_psidii,S3,0.9339513992451867,24176183.16482202
Tirumala_formosa,S1,1,3870852.014166464
Tirumala_formosa,S3,1,2106195.309779119
Tirumala_hamata,S1,0.6241736554807987,16748752.19349932
Tirumala_hamata,S2,0.777085726339088,257441423.47642514
Tirumala_hamata,S3,0.7892161225931884,58245928.06793195
Tirumala_hamata,S4,0.7657554672902247,190915242.63970086
Tirumala_limniace,S1,0.8865254927590762,61197341.012694895
Tirumala_limniace,S2,0.8475758908228066,25424786.578622553
Tirumala_limniace,S3,0.5993117497045877,75394289.70294848
Tirumala_limniace,S4,0.8251569989809162,27597639.58893637
Tirumala_petiverana,S1,0.8934028922167951,58099275.486249775
Tirumala_petiverana,S2,0.7837841466585164,72974830.90932682
Tirumala_petiverana,S3,0.8446280612968146,99156007.037054
Tirumala_petiverana,S4,0.9042778282975762,61498762.644540265
Tirumala_septentrionis,S1,0.7489735372799677,16446443.346753381
Tirumala_septentrionis,S2,0.7905870035795122,23500357.765012607
Tirumala_septentrionis,S3,0.8636254332194455,29780720.887638595
Tirumala_septentrionis,S4,0.8434581811695996,25233907.778240573
Tithorea_harmonia,S1,0.9238010844190006,32214264.524520136
Tithorea_harmonia,S2,0.9151187116732449,29934751.411820732
Tithorea_harmonia,S3,0.9258940001749949,29542075.575898446
Tithorea_harmonia,S4,0.9084237364783209,28791910.5397764
Urbanus_dorantes,S1,0.770525175148583,54245502.587132595
Urbanus_dorantes,S2,0.7283913408119806,48581084.90264551
Urbanus_dorantes,S3,0.7755909900691834,39153233.876933895
Urbanus_dorantes,S4,0.8013245088450173,45477450.513490394
Urbanus_proteus,S1,0.6952890513045547,67090755.037476905
Urbanus_proteus,S2,0.6589379111275318,69617251.4274716
Urbanus_proteus,S3,0.6422969788149258,68815970.71630245
Urbanus_proteus,S4,0.6597218511307172,65536031.65577869
Urbanus_simplicius,S1,0.802677481415987,45740965.88948992
Urbanus_simplicius,S2,0.8032802421900318,44070993.40603202
Urbanus_simplicius,S3,0.7855927445714229,54049973.72471245
Urbanus_simplicius,S4,0.8282416499644825,41506334.11383635
Vagrans_egista,S1,0.8562569471520666,208934328.95243117
Vagrans_egista,S2,0.9187701352555605,48349569.46882708
Vagrans_egista,S3,0.8398133735720578,190887059.38646948
Vagrans_egista,S4,0.8626115731106931,41236925.71974896
Vanessa_annabella,S1,0.3335923857008656,10642429.17332863
Vanessa_annabella,S2,0.28411390337375253,10046399.816132665
Vanessa_annabella,S3,0.2610596336886246,13104728.628531462
Vanessa_annabella,S4,0.28562827860967266,10322937.967413215
Vanessa_atalanta,S1,0.4647996427374396,131662905.27183688
Vanessa_atalanta,S2,0.22147635088638118,108435052.13918777
Vanessa_atalanta,S3,0.2198336612300011,90710735.9134382
Vanessa_atalanta,S4,0.20247844278307411,101614565.07788621
Vanessa_cardui,S1,0.5410285302600629,308904988.1674015
Vanessa_cardui,S2,0.5492558453413275,311748938.7636045
Vanessa_cardui,S3,0.5438380506212727,309465455.2779134
Vanessa_cardui,S4,0.5316484319946081,289283367.7413949
Vanessa_carye,S1,0.6206147668774467,66076888.04525919
Vanessa_carye,S2,0.607761647955193,65155994.69320486
Vanessa_carye,S3,0.5801029776271152,69826820.48627326
Vanessa_carye,S4,0.545161984365405,71289147.25121494
Vanessa_indica,S1,0.569457635588797,56724729.61806269
Vanessa_indica,S2,0.4089169787805202,97720208.52222145
Vanessa_indica,S3,0.4583566006971494,33678386.598416
Vanessa_indica,S4,0.5680548300873116,26535256.98078261
Vanessa_itea,S1,NA,9572697.405830573
Vanessa_itea,S2,NA,12943495.32804153
Vanessa_itea,S3,0.5159112922013128,183842232.31368142
Vanessa_itea,S4,NA,13074265.398200843
Vanessa_kershawi,S1,0.19658962905498467,18659171.05235569
Vanessa_kershawi,S2,0.03477055995286227,6086591.392620563
Vanessa_kershawi,S3,0.036605753486617404,12405526.605581686
Vanessa_kershawi,S4,0.19152471527589665,17300142.14561144
Vanessa_virginiensis,S1,0.5665790341705191,80231589.02939686
Vanessa_virginiensis,S2,0.6114763181369968,149679437.71383005
Vanessa_virginiensis,S3,0.5273240352232161,94015948.62119024
Vanessa_virginiensis,S4,0.6667373580861322,112888491.6398379
Vindula_erota,S1,0.8675942962902864,19221651.91267307
Vindula_erota,S2,0.8895984588235017,19785054.4854684
Vindula_erota,S3,0.8669848338038005,18426527.44249302
Vindula_erota,S4,0.8583457432982874,18844888.96539323
Yoma_sabina,S1,1,37865819.23439431
Yoma_sabina,S2,0.8693198705103314,46816853.2913757
Yoma_sabina,S3,0.8977566186963893,29596264.760331362
Yoma_sabina,S4,0.8689283326172375,38896224.1990549
Ypthima_asterope,S1,0.6758887765446637,78114900.91457662
Ypthima_asterope,S2,0.7351957966263977,74839213.68803747
Ypthima_asterope,S3,0.6666612180352591,81451605.15449947
Ypthima_asterope,S4,0.7884582181858862,62389937.092594765
Ypthima_huebneri,S1,0.687905413374497,12686203.673434988
Ypthima_huebneri,S2,0.7300487781719219,11326396.684347833
Ypthima_huebneri,S3,0.7974618531365048,22109966.509499166
Ypthima_huebneri,S4,0.7753059643506243,10995676.920024099
Zegris_eupheme,S1,NA,12378913.158297343
Zegris_eupheme,S2,NA,18978637.875488017
Zerene_cesonia,S1,0.6864453373884297,48285298.99624692
Zerene_cesonia,S2,0.6759207064270668,53287808.6799475
Zerene_cesonia,S3,0.7136736945527486,29223397.344812613
Zerene_cesonia,S4,0.6821541215330983,44910914.15379257
Zerynthia_cerisyi,S1,NA,28799.7756609913
Zerynthia_cerisyi,S2,NA,1852361.9714894616
Zizeeria_karsandra,S1,0.6842016065991828,102623139.72352743
Zizeeria_karsandra,S2,0.6575925793593138,119345445.122739
Zizeeria_karsandra,S3,0.7246464446137081,107937743.39372101
Zizeeria_karsandra,S4,0.7111271760220444,97598832.968061
Zizina_labradus,S1,0.42159039649254026,132514477.56142256
Zizina_labradus,S2,0.4840818103815552,135463264.17854902
Zizina_labradus,S3,0.4059457082874283,128675695.87204799
Zizina_labradus,S4,0.6267123387048874,44984149.06689485
Zizina_otis,S1,0.6563587658677756,287877362.41011864
Zizina_otis,S2,0.6671141484194354,299588422.593434
Zizina_otis,S3,0.6563274875984939,303100057.93742716
Zizina_otis,S4,0.6423296240664058,309649770.01271576
Zizula_hylax,S1,0.7222768819755615,121523202.212358
Zizula_hylax,S2,0.7459756139446269,125333537.83961082
Zizula_hylax,S3,0.7232351287708514,126427661.34407574
Zizula_hylax,S4,0.7547399298780043,114507974.3059109
