species_prev,species_up
Allancastria_cerisyi,Zerynthia_cerisyi
Appias_drusilla,Glutophrissa_drusilla
Colias_sareptensis,Colias_alfacariensis
Eurema_lisa,Pyrisitia_lisa
Eurema_nicippe,Abaeis_nicippe
Euthalia_nais,Symphaedra_nais
Junonia_lavinia,Junonia_genoveva
Libytheana_carinenta,Prolibythea_carinenta
Papilio_anchisiades,Heraclides_anchisiades
Papilio_cresphontes,Heraclides_cresphontes
Papilio_menatius,Pterourus_menatius
Papilio_paeon,Heraclides_paeon
Papilio_thoas,Heraclides_thoas
Papilio_torquatus,Heraclides_torquatus
Papilio_troilus,Pterourus_troilus
Plebejus_acmon,Icaricia_acmon
Polyommatus_semiargus,Cyaniris_semiargus
Protographium_agesilaus,Eurytides_agesilaus
Protographium_philolaus,Eurytides_philolaus
Speyeria_callippe,Argynnis_callippe
Hylephila_phylaeus,Hylephila_phyleus
